First,Last,Party,State,Ideology Score,Year,Content,Unnamed: 7,Source,Likes,Shares,Views,Sentiment,Score
Donald,Trump,R,President,,2024.0,"Margaret Brennan just ‚Äúfact checked‚Äù JD, incorrectly, on ‚ÄúClimate Change.‚Äù When is she going to fact check Tampon Tim on all of his false statements? Another repeat with the Fake News being unfair to the Republican Candidate, and trying to get the pathetic Democrat across the finish line. But it doesn‚Äôt matter, the Public sees it for what it is - FAKE NEWS!",,X,5k,28k,,neutral,0.5172966718673706
Donald,Trump,R,President,,2024.0,"So bad that FoxNews puts RFK Jr., considered the dumbest member of the Kennedy Clan, on their fairly conservative platform so much. Competitive networks don‚Äôt want anything to do with him. He‚Äôs a Radical Left Lunatic whose crazy Climate Change views make the Democrat‚Äôs Green New Scam look Conservative. He‚Äôs polling badly, 8% at best, but says he does well against Crooked Joe and me, one on one. WRONG, he gets trounced! Junior said I‚Äôm the ‚Äúbest debater‚Äù in generations, and I want to debate him, and Crooked, but first he‚Äôs got to get his bad poll numbers up - a lot! He would be ‚Äúeasy pickins.‚Äù Republicans, don‚Äôt waste your precious vote on this phony Liberal Activist. With all of that said, he probably hurts Sleepy Crooked Joe more than ‚ÄúUS!‚Äù",,X,4k,14k,,neutral,0.47748151421546936
Donald,Trump,R,President,,2023.0,"RT @marklevinshow (https://truthsocial.com/@marklevinshow) Good to know that Biden and Blinken can ensure that every penny of the $6 billion to Iran, like all the money they're giving to the Palestinians, will be carefully tracked. No way will any of it be used to fund terrorism or weapons of mass destruction. Why would anyone question that? Are these liars serious? They can't even account for hundreds of billions of COVID, climate change funds, and the rest of federal spending -- without having to trace how our enemies are accounting for it all.",,X,0,0,,opportunity,0.5572575330734253
Donald,Trump,R,President,,2023.0,RT @marklevinshow (https://truthsocial.com/@marklevinshow) Climate change Marxists exploit all human tragedies https://www.newsbusters.org/blogs/business/tom-olohan/2023/08/22/mark-levin-goes-after-sickening-exploitation-maui-climate,,X,0,0,,risk,0.5788065195083618
Donald,Trump,R,President,,2023.0,"His Climate Change statements, they can no longer use Global Warming because that doesn't work anymore, will bankrupt our Country, and bring us into the Third World status, which we‚Äôre getting closer and closer to anyway.",,X,6k,32k,,risk,0.7684107422828674
Donald,Trump,R,President,,2022.0,"Heading to Wisconsin, big crowd. Will be a slight delay due to weather, but we will never let bad weather or climate change stop us!",,X,4k,23k,,risk,0.8701286315917969
Donald,Trump,R,President,,2022.0,RT @catturd2 (https://truthsocial.com/@catturd2) Joe Biden is going to fly gas guzzling Air Force One almost 3000 miles to Seattle today to sign an executive order about climate change. üòÇüòÇüòÇ You can't make this shit up.,,X,0,0,,neutral,0.7624003291130066
Donald,Trump,R,President,,2020.0,"RT @JudiciaryGOP: A climate change study on aviation to combat #COVID„Éº19? Is this a joke, @SpeakerPelosi? How does that help average Ame‚Ä¶",,X,14k,0,,neutral,0.5743977427482605
Donald,Trump,R,President,,2020.0,RT @kayleighmcenany: Make no mistake: the #DemDebate plan for climate change is to eliminate more than 1 million jobs in America by elimina‚Ä¶,,X,5k,0,,neutral,0.8027685880661011
Donald,Trump,R,President,,2019.0,RT @PrisonPlanet: A ship carrying passengers who included a group of ‚ÄòClimate Change Warriors‚Äô who are concerned about melting Arctic ice g‚Ä¶,,X,12k,0,,neutral,0.5015470385551453
Donald,Trump,R,President,,2019.0,"Plagiarism charge against Sleepy Joe Biden on his ridiculous Climate Change Plan is a big problem, but the Corrupt Media will save him. His other problem is that he is drawing flies, not people, to his Rallies. Nobody is showing up, I mean nobody. You can‚Äôt win without people!",,X,19k,92k,,risk,0.7672376036643982
Donald,Trump,R,President,,2015.0,"President Obama was terrible on @60Minutes tonight. He said CLIMATE CHANGE is the most important thing, not all of the current disasters!",,X,3k,6k,,risk,0.6383211016654968
Donald,Trump,R,President,,2015.0,Among the lowest temperatures EVER in much of the United States. Ice caps at record size. Changed name from GLOBAL WARMING to CLIMATE CHANGE,,X,280,366,,neutral,0.7228082418441772
Donald,Trump,R,President,,2014.0,For those that constantly say that ‚Äúglobal warming‚Äù is now ‚Äúclimate change‚Äù‚Äîthey changed the name. The name global warming wasn‚Äôt working,,X,337,391,,neutral,0.7032245397567749
Donald,Trump,R,President,,2014.0,"As ISIS and Ebola spread like wildfire, the Obama administration just submitted a paper on how to stop climate change (aka global warming).",,X,1k,1k,,risk,0.4948536157608032
Donald,Trump,R,President,,2014.0,"Great article on so-called climate change, formerly known as global warming. http://t.co/fEYAhQ7lGB",,X,184,182,,neutral,0.5510963797569275
Donald,Trump,R,President,,2014.0,It's late in July and it is really cold outside in New York. Where the hell is GLOBAL WARMING??? We need some fast! It's now CLIMATE CHANGE,,X,445,470,,neutral,0.5393548607826233
Donald,Trump,R,President,,2014.0,Tremendous cold wave hits large part of U.S. Lucky they changed the name from global warming to climate change - G.W. just doesn't work!,,X,139,155,,risk,0.8252889513969421
Donald,Trump,R,President,,2014.0,"""@devhop: @realDonaldTrump they renamed it Climate Change so it could be devastating either way the temperature goes.""",,X,62,55,,risk,0.9149994850158691
Donald,Trump,R,President,,2014.0,"They only changed the term to CLIMATE CHANGE when the words GLOBAL WARMING didn't work anymore. Come on people, get smart!",,X,480,419,,neutral,0.8823575973510742
Donald,Trump,R,President,,2014.0,"The man made ""climate change"" that our ""great"" president should be focused on is of the NUCLEAR variety brought upon us because of weakness!",,X,211,240,,risk,0.665800929069519
Donald,Trump,R,President,,2014.0,"Russia is on the move in the Ukraine, Iran is nuking up & Libya is run by Al Qaeda, yet Obama is busy issuing ‚Äòclimate change‚Äù warnings.",,X,858,938,,risk,0.7622610330581665
Donald,Trump,R,President,,2014.0,"""@shaneandstamp: @realDonaldTrump your a respected businessman. Why do you deny peoples knowledge about climate change. You mean GLOBAL W",,X,30,30,,neutral,0.6742096543312073
Donald,Trump,R,President,,2014.0,"Congrats to Charles @krauthammer for his statements on climate change, formerly known as global warming!",,X,71,85,,neutral,0.7430806756019592
Donald,Trump,R,President,,2014.0,"""@Nospin_43: @realDonaldTrump @tan123 climate change allows them to stay on the gravy train whatever happens.""",,X,20,47,,neutral,0.5809594988822937
Donald,Trump,R,President,,2014.0,"""@Michael_KSC: @realDonaldTrump @thedropkicks Whether Global Warming or Climate change. The fact is We didn't cause it. We cannot change it.""",,X,69,79,,neutral,0.7564839124679565
Donald,Trump,R,President,,2014.0,"It's not climate change, it's global warming. Don't let the dollar sucking wiseguys change names midstream because the first name didn't work",,X,1k,1k,,neutral,0.6278170943260193
Donald,Trump,R,President,,2014.0,Do you believe this one - Secretary of State John Kerry just stated that the most dangerous weapon of all today is climate change. Laughable,,X,546,584,,risk,0.6242478489875793
Donald,Trump,R,President,,2014.0,Don't let the GLOBAL WARMING wiseguys get away with changing the name to CLIMATE CHANGE because the FACTS do not let GW tag to work anymore!,,X,417,490,,neutral,0.7277998924255371
Donald,Trump,R,President,,2014.0,Massive record setting snowstorm and freezing temperatures in U.S. Smart that GLOBAL WARMING hoaxsters changed name to CLIMATE CHANGE! $$$$,,X,621,415,,risk,0.8330313563346863
Donald,Trump,R,President,,2014.0,"Give me clean, beautiful and healthy air - not the same old climate change (global warming) bullshit! I am tired of hearing this nonsense.",,X,2k,3k,,neutral,0.6498842239379883
Donald,Trump,R,President,,2014.0,The weather has been so cold for so long that the global warming HOAXSTERS were forced to change the name to climate change to keep $ flow!,,X,648,508,,risk,0.762713611125946
Donald,Trump,R,President,,2014.0,"""@MeleMallory: @realDonaldTrump You know it's actually called CLIMATE CHANGE, right? That's only because GLOBAL WARMING wasn't working!""",,X,61,76,,neutral,0.6055737137794495
Donald,Trump,R,President,,2013.0,The con artists changed the name from GLOBAL WARMING to CLIMATE CHANGE when GLOBAL WARMING was no longer working and credibility was lost!,,X,614,621,,neutral,0.4895261228084564
Donald,Trump,R,President,,2013.0,"The coolest story is that John Beale, the man who headed up CLIMATE CHANGE for the government, is a proven con man and total phoney. ARRESTED",,X,226,205,,neutral,0.884949803352356
Donald,Trump,R,President,,2013.0,"Wow, just in - John Beale, the top person in government on climate change (EPA), is a total fraud, and just admitted it! What can they say now",,X,236,183,,neutral,0.5760241150856018
Donald,Trump,R,President,,2013.0,"They call it ""climate change"" now because the words ""global warming"" didn't work anymore. Same people fighting hard to keep it all going!",,X,410,278,,risk,0.5303242206573486
Donald,Trump,R,President,,2013.0,"Wow, record setting cold temperatures throughout large parts of the country. Must be global warming, I mean climate change!",,X,446,388,,risk,0.6218120455741882
Donald,Trump,R,President,,2013.0,The least number of hurricanes in the U.S. in decades. So they change global warming (too cold) to climate change - now what will they call it,,X,217,110,,risk,0.894526481628418
Donald,Trump,R,President,,2013.0,They changed the name global warming to climate change because the concept of global warming just wasn't working!,,X,356,302,,neutral,0.4906969666481018
Donald,Trump,R,President,,2013.0,China loved Obama‚Äôs climate change speech yesterday. They laughed! It hastens their takeover of us as the leading world economy.,,X,331,147,,neutral,0.6406782865524292
Donald,Trump,R,President,,2013.0,Obama‚Äôs speech on climate change was scary. It will lower our standard of living and raise costs of fuel & food for everyone.,,X,401,210,,neutral,0.5286905169487
Donald,Trump,R,President,,2013.0,"""@OldManConroy: It's called ""climate change"". No, they changed it to ""climate change"" when ""global warming"" wasn't working anymore - too cold!",,X,105,60,,neutral,0.5343935489654541
Donald,Trump,R,President,,2013.0,The Chinese talk of climate change and carbon footprint but don't clean up their factories - but they sell us the equipment to clean up ours!,,X,323,268,,neutral,0.6503908038139343
Donald,Trump,R,President,,2013.0,"Wrong, used to be called global warming and when that name didn't work, they deftly changed it to climate change - because it's freezing!",,X,210,162,,neutral,0.4405101239681244
Donald,Trump,R,President,,2013.0,"Another freezing day in the Spring - what is going on with ""global warming""? Good move changing the name to ""climate change"" - sad!",,X,370,187,,risk,0.5216062068939209
Donald,Trump,R,President,,2013.0,They changed the name from ‚Äúglobal warming‚Äù to ‚Äúclimate change‚Äù after the term global warming just wasn‚Äôt working (it was too cold)!,,X,566,275,,risk,0.5131707787513733
Donald,Trump,R,President,,2012.0,The World Bank is tying poverty to ‚Äòclimate change‚Äô http://t.co/wZ9ofqxJ And we wonder why international organizations are ineffective.,,X,221,110,,neutral,0.5262134671211243
Donald,Trump,R,President,,2012.0,Reckless! Why is @BarackObama wasting over $70 Billion on 'climate change activities?' Will he ever learn? http://t.co/sYk3t3Eb,,X,413,200,,opportunity,0.495291531085968
Donald,Trump,R,President,,2024.0,"I love this Country. I don't want to see this Country get into a nuclear war and be so badly damaged. What we say won't matter. This won't matter. This place won't matter, because practically nothing is going to be here anymore...The only global warming that matters to me is nuclear global warming‚Ä¶ https://www.DonaldJTrump.com (https://links.truthsocial.com/link/110542839430424765)",,X,6k,20k,,risk,0.734221875667572
Donald,Trump,R,President,,2023.0,RT @alx (https://truthsocial.com/@alx) TRUMP: ‚ÄúWe have an incompetent leader.. he can‚Äôt walk off the stage.. can‚Äôt find the stairs.. The biggest threat is nuclear weapons and we have a man that doesn't even know what a nuclear weapon is as our chief negotiator.. The threat is not global warming it‚Äôs nuclear warming‚Äù,,X,0,0,,risk,0.7259617447853088
Donald,Trump,R,President,,2023.0,"His Climate Change statements, they can no longer use Global Warming because that doesn't work anymore, will bankrupt our Country, and bring us into the Third World status, which we‚Äôre getting closer and closer to anyway.",,X,6k,32k,,risk,0.7684107422828674
Donald,Trump,R,President,,2022.0,RT: https://truthsocial.com/users/jsolomonreports/statuses/109598470609796357 Whatever happened to Global Warming?,,X,5k,19k,,neutral,0.5851321816444397
Donald,Trump,R,President,,2019.0,"Well, it happened again. Amy Klobuchar announced that she is running for President, talking proudly of fighting global warming while standing in a virtual blizzard of snow, ice and freezing temperatures. Bad timing. By the end of her speech she looked like a Snowman(woman)!",,X,27k,149k,,neutral,0.6914241909980774
Donald,Trump,R,President,,2019.0,Be careful and try staying in your house. Large parts of the Country are suffering from tremendous amounts of snow and near record setting cold. Amazing how big this system is. Wouldn‚Äôt be bad to have a little of that good old fashioned Global Warming right now!,,X,23k,112k,,risk,0.9198980331420898
Donald,Trump,R,President,,2018.0,Brutal and Extended Cold Blast could shatter ALL RECORDS - Whatever happened to Global Warming?,,X,23k,98k,,risk,0.9600439667701721
Donald,Trump,R,President,,2017.0,"In the East, it could be the COLDEST New Year‚Äôs Eve on record. Perhaps we could use a little bit of that good old Global Warming that our Country, but not other countries, was going to pay TRILLIONS OF DOLLARS to protect against. Bundle up!",,X,51k,175k,,neutral,0.5481190085411072
Donald,Trump,R,President,,2015.0,"It's really cold outside, they are calling it a major freeze, weeks ahead of normal. Man, we could use a big fat dose of global warming!",,X,6k,9k,,risk,0.7138018608093262
Donald,Trump,R,President,,2015.0,"Record setting cold and snow, ice caps massive! The only global warming we should fear is that caused by nuclear weapons - incompetent pols.",,X,264,273,,risk,0.9087254405021667
Donald,Trump,R,President,,2015.0,Among the lowest temperatures EVER in much of the United States. Ice caps at record size. Changed name from GLOBAL WARMING to CLIMATE CHANGE,,X,280,366,,neutral,0.7228082418441772
Donald,Trump,R,President,,2015.0,"Wow, 25 degrees below zero, record cold and snow spell. Global warming anyone?",,X,522,616,,risk,0.6573636531829834
Donald,Trump,R,President,,2015.0,Record low temperatures and massive amounts of snow. Where the hell is GLOBAL WARMING?,,X,724,804,,risk,0.8110503554344177
Donald,Trump,R,President,,2015.0,"""@blazaruk: ""RT Where the hell is global warming when you need it?"" I dearly hope you are able to take up the flag of the GOP in 2016""",,X,33,39,,neutral,0.592768669128418
Donald,Trump,R,President,,2015.0,Where the hell is global warming when you need it?,,X,2k,2k,,neutral,0.4547644257545471
Donald,Trump,R,President,,2015.0,"""@DuttyVal202: ‚Äú@realDonaldTrump: It's record cold all over the country and world - where the hell is global warming, we need some fast!‚Äù",,X,43,68,,risk,0.5914239287376404
Donald,Trump,R,President,,2015.0,"It's record cold all over the country and world - where the hell is global warming, we need some fast!",,X,477,483,,risk,0.5703890323638916
Donald,Trump,R,President,,2014.0,For those that constantly say that ‚Äúglobal warming‚Äù is now ‚Äúclimate change‚Äù‚Äîthey changed the name. The name global warming wasn‚Äôt working,,X,337,391,,neutral,0.7032245397567749
Donald,Trump,R,President,,2014.0,"There are many Jonathan Gruber types selling the global warming ""stuff"" - and they really do believe the American public is stupid.",,X,284,226,,risk,0.6064255237579346
Donald,Trump,R,President,,2014.0,"Just like Jonathan Gruber viciously lied & called Americans ‚Äústupid‚Äù on ObamaCare, many consultants are doing the same on Global Warming.",,X,138,162,,risk,0.630332350730896
Donald,Trump,R,President,,2014.0,"The entire country is FREEZING - we desperately need a heavy dose of global warming, and fast! Ice caps size reaches all time high.",,X,651,636,,risk,0.8197545409202576
Donald,Trump,R,President,,2014.0,"Just out - the POLAR ICE CAPS are at an all time high, the POLAR BEAR population has never been stronger. Where the hell is global warming?",,X,447,485,,neutral,0.5283077359199524
Donald,Trump,R,President,,2014.0,"As ISIS and Ebola spread like wildfire, the Obama administration just submitted a paper on how to stop climate change (aka global warming).",,X,1k,1k,,risk,0.4948536157608032
Donald,Trump,R,President,,2014.0,"Great article on so-called climate change, formerly known as global warming. http://t.co/fEYAhQ7lGB",,X,184,182,,neutral,0.5510963797569275
Donald,Trump,R,President,,2014.0,Windmills are the greatest threat in the US to both bald and golden eagles. Media claims fictional ‚Äòglobal warming‚Äô is worse.,,X,4k,4k,,risk,0.966156542301178
Donald,Trump,R,President,,2014.0,It's late in July and it is really cold outside in New York. Where the hell is GLOBAL WARMING??? We need some fast! It's now CLIMATE CHANGE,,X,445,470,,neutral,0.5393548607826233
Donald,Trump,R,President,,2014.0,Tremendous cold wave hits large part of U.S. Lucky they changed the name from global warming to climate change - G.W. just doesn't work!,,X,139,155,,risk,0.8252889513969421
Donald,Trump,R,President,,2014.0,The only global warming that people should be concerned with is the global warming caused by nuclear weapons because of our weak U.S. leader,,X,1k,1k,,risk,0.7782714366912842
Donald,Trump,R,President,,2014.0,"They only changed the term to CLIMATE CHANGE when the words GLOBAL WARMING didn't work anymore. Come on people, get smart!",,X,480,419,,neutral,0.8823575973510742
Donald,Trump,R,President,,2014.0,Record cold temperatures in July - 20 to 30 degrees colder than normal. What the hell happened to GLOBAL WARMING?,,X,351,318,,risk,0.7825774550437927
Donald,Trump,R,President,,2014.0,I wonder if when Secy. Kerry goes to Iraq and Afghanistan he pushes hard for them to look at GLOBAL WARMING and study the carbon footprint?,,X,119,139,,neutral,0.8487314581871033
Donald,Trump,R,President,,2014.0,The global warming we should be worried about is the global warming caused by NUCLEAR WEAPONS in the hands of crazy or incompetent leaders!,,X,20k,16k,,risk,0.8621759414672852
Donald,Trump,R,President,,2014.0,"In New York, March was the coldest month in recorded history - we could use some GLOBAL WARMING!",,X,199,216,,neutral,0.4940396845340729
Donald,Trump,R,President,,2014.0,Baltimore just set a record for the coldest day in March in a long recorded history - 4 degrees. Other places likewise. Global warming con!,,X,208,219,,neutral,0.5284218192100525
Donald,Trump,R,President,,2014.0,"Congrats to Charles @krauthammer for his statements on climate change, formerly known as global warming!",,X,71,85,,neutral,0.7430806756019592
Donald,Trump,R,President,,2014.0,"""@Michael_KSC: @realDonaldTrump @thedropkicks Whether Global Warming or Climate change. The fact is We didn't cause it. We cannot change it.",,X,69,79,,neutral,0.7405885457992554
Donald,Trump,R,President,,2014.0,Don't let the GLOBAL WARMING wiseguys get away with changing the name to CLIMATE CHANGE because the FACTS do not let GW tag to work anymore!,,X,417,490,,neutral,0.7277998924255371
Donald,Trump,R,President,,2014.0,"A big part of the country, even the southern states, is under massive attack from snow and freezing cold. Global warming anyone?",,X,342,313,,risk,0.9593556523323059
Donald,Trump,R,President,,2014.0,"When will our country stop wasting money on global warming and so many other truly ""STUPID"" things and begin to focus on lower taxes?",,X,501,383,,neutral,0.5805702209472656
Donald,Trump,R,President,,2014.0,Massive record setting snowstorm and freezing temperatures in U.S. Smart that GLOBAL WARMING hoaxsters changed name to CLIMATE CHANGE! $$$$,,X,621,415,,risk,0.8330313563346863
Donald,Trump,R,President,,2014.0,Watch commodity prices soar because of the freezing cold. Will be bad for the economy. We could use some global warming.,,X,110,103,,risk,0.9733483195304871
Donald,Trump,R,President,,2014.0,"Obama said in his SOTU that ‚Äúglobal warming is a fact.‚Äù Sure, about as factual as ‚Äúif you like your healthcare, you can keep it.‚Äù",,X,1k,1k,,neutral,0.7935669422149658
Donald,Trump,R,President,,2014.0,"With one of the worst and most prolonged cold spells in history, with Atlanta, Texas and parts of Florida freezing- Global Warming anyone?",,X,282,249,,risk,0.8810304403305054
Donald,Trump,R,President,,2014.0,"Give me clean, beautiful and healthy air - not the same old climate change (global warming) bullshit! I am tired of hearing this nonsense.",,X,2k,3k,,neutral,0.6498842239379883
Donald,Trump,R,President,,2014.0,The weather has been so cold for so long that the global warming HOAXSTERS were forced to change the name to climate change to keep $ flow!,,X,648,508,,risk,0.762713611125946
Donald,Trump,R,President,,2014.0,"Snowing in Texas and Louisiana, record setting freezing temperatures throughout the country and beyond. Global warming is an expensive hoax!",,X,756,796,,risk,0.7837569117546082
Donald,Trump,R,President,,2014.0,Any and all weather events are used by the GLOBAL WARMING HOAXSTERS to justify higher taxes to save our planet! They don't believe it $$$$!,,X,832,824,,risk,0.5635310411453247
Donald,Trump,R,President,,2014.0,"""@dawson_Stock: Don't forget. ""Global warming"" can also mean earth is getting colder! That way they cover both sides of the fence!""",,X,118,160,,risk,0.5611581802368164
Donald,Trump,R,President,,2014.0,NBC News just called it the great freeze - coldest weather in years. Is our country still spending money on the GLOBAL WARMING HOAX?,,X,2k,1k,,risk,0.8370126485824585
Donald,Trump,R,President,,2014.0,We are experiencing the coldest weather in more than two decades - most people never remember anything like this. GLOBAL WARMING anyone?,,X,573,431,,risk,0.8427358865737915
Donald,Trump,R,President,,2014.0,"""@princebe: Antarctic ice shelf melt 'lowest EVER recorded, global warming is NOT eroding it' http://t.co/XZBepuyI1O via @theregister""",,X,152,118,,risk,0.5372969508171082
Donald,Trump,R,President,,2014.0,Record snowfall & freezing temps throughout the country. Where is Global Warming when you need it?!,,X,482,398,,risk,0.7585526704788208
Donald,Trump,R,President,,2014.0,"""@MeleMallory: @realDonaldTrump You know it's actually called CLIMATE CHANGE, right? That's only because GLOBAL WARMING wasn't working!",,X,61,76,,neutral,0.6258407831192017
Donald,Trump,R,President,,2014.0,"This very expensive GLOBAL WARMING bullshit has got to stop. Our planet is freezing, record low temps, and our GW scientists are stuck in ice",,X,7k,5k,,risk,0.9037572741508484
Donald,Trump,R,President,,2013.0,The con artists changed the name from GLOBAL WARMING to CLIMATE CHANGE when GLOBAL WARMING was no longer working and credibility was lost!,,X,614,621,,neutral,0.4895261228084564
Donald,Trump,R,President,,2013.0,"What the hell is going on with GLOBAL WARMING. The planet is freezing, the ice is building and the G.W. scientists are stuck‚Äîa total con job",,X,555,438,,risk,0.7725690007209778
Donald,Trump,R,President,,2013.0,Temperature at record lows in many parts of the country. 50 degrees below zero with wind chill in large area. Global warming folks iced in!,,X,257,249,,risk,0.6841162443161011
Donald,Trump,R,President,,2013.0,The global warming scientists don't want to be airlifted off the ship‚Äîthey are having too much fun and that is too simple a solution‚ÄîFAME!,,X,98,94,,neutral,0.45245489478111267
Donald,Trump,R,President,,2013.0,We should be focused on clean and beautiful air‚Äînot expensive and business closing GLOBAL WARMING‚Äîa total hoax!,,X,1k,899,,neutral,0.6818572282791138
Donald,Trump,R,President,,2013.0,"The rescue icebreaker, trying to free the ship of the GLOBAL WARMING scientists, has turned back‚Äîthe ice is massive (a record). IRONIC!",,X,296,248,,opportunity,0.5095407366752625
Donald,Trump,R,President,,2013.0,It is really too bad that the scientists studying GLOBAL WARMING in Antarctica got stuck on their icebreaker because of massive ice and cold,,X,966,1k,,risk,0.9055460095405579
Donald,Trump,R,President,,2013.0,"We should be focusing on beautiful, clean air & not on wasteful & very expensive GLOBAL WARMING bullshit! China & others are hurting our air",,X,731,766,,risk,0.5115367770195007
Donald,Trump,R,President,,2013.0,"They call it ""climate change"" now because the words ""global warming"" didn't work anymore. Same people fighting hard to keep it all going!",,X,410,278,,risk,0.5303242206573486
Donald,Trump,R,President,,2013.0,"59% of the United States, by area, is now covered in snow‚Äîhighest % in many years. The ""global warming"" name isn't working anymore‚ÄîSORRY!",,X,537,367,,neutral,0.6115190386772156
Donald,Trump,R,President,,2013.0,"Wow, it's snowing in Israel and on the pyramids in Egypt. Are we still wasting billions on the global warming con? MAKE U.S. COMPETITIVE!",,X,704,534,,neutral,0.4898974895477295
Donald,Trump,R,President,,2013.0,"This is one of the COLDEST WINTERS ever, freezing all over the country for long periods of time! So much for GLOBAL WARMING.",,X,593,402,,neutral,0.4447687566280365
Donald,Trump,R,President,,2013.0,We should be focused on magnificently clean and healthy air and not distracted by the expensive hoax that is global warming!,,X,619,873,,neutral,0.5556690096855164
Donald,Trump,R,President,,2013.0,"Ice storm rolls from Texas to Tennessee‚ÄîI'm in Los Angeles and it's freezing. Global warming is a total, and very expensive, hoax!",,X,4k,3k,,risk,0.8038831353187561
Donald,Trump,R,President,,2013.0,"The problem w/ the concept of ""global warming"" is that the U.S. is spending a fortune on ""fixing it"" while China & others do nothing!",,X,222,210,,risk,0.4642903208732605
Donald,Trump,R,President,,2013.0,"Wow, record setting cold temperatures throughout large parts of the country. Must be global warming, I mean climate change!",,X,446,388,,risk,0.6218120455741882
Donald,Trump,R,President,,2013.0,"Denver, Minnesota and others are bracing for some of the coldest weather on record. What are the global warming geniuses saying about this?",,X,406,336,,risk,0.7588928937911987
Donald,Trump,R,President,,2013.0,The least number of hurricanes in the U.S. in decades. So they change global warming (too cold) to climate change‚Äînow what will they call it,,X,217,110,,risk,0.8820448517799377
Donald,Trump,R,President,,2013.0,They changed the name global warming to climate change because the concept of global warming just wasn't working!,,X,356,302,,neutral,0.4906969666481018
Donald,Trump,R,President,,2013.0,China loved Obama‚Äôs climate change speech yesterday. They laughed! It hastens their takeover of us as the leading world economy.,,X,331,147,,neutral,0.6406782865524292
Donald,Trump,R,President,,2013.0,Obama‚Äôs speech on climate change was scary. It will lower our standard of living and raise costs of fuel & food for everyone.,,X,401,210,,neutral,0.5286905169487
Donald,Trump,R,President,,2013.0,"""@OldManConroy: It's called ""climate change"". No, they changed it to ""climate change"" when ""global warming"" wasn't working anymore‚Äîtoo cold!",,X,105,60,,neutral,0.5401468873023987
Donald,Trump,R,President,,2013.0,The Chinese talk of climate change and carbon footprint but don't clean up their factories‚Äîbut they sell us the equipment to clean up ours!,,X,323,268,,neutral,0.6370686292648315
Donald,Trump,R,President,,2013.0,"Wrong, used to be called global warming and when that name didn't work, they deftly changed it to climate change‚Äîbecause it's freezing!",,X,210,162,,neutral,0.4375995397567749
Donald,Trump,R,President,,2013.0,"Another freezing day in the Spring‚Äîwhat is going on with ""global warming""? Good move changing the name to ""climate change""‚Äîsad!",,X,370,187,,neutral,0.5058927536010742
Donald,Trump,R,President,,2013.0,They changed the name from ‚Äúglobal warming‚Äù to ‚Äúclimate change‚Äù after the term global warming just wasn‚Äôt working (it was too cold)!,,X,566,275,,risk,0.5131707787513733
Donald,Trump,R,President,,2012.0,The World Bank is tying poverty to ‚Äòclimate change‚Äô http://t.co/wZ9ofqxJ And we wonder why international organizations are ineffective.,,X,221,110,,neutral,0.5262134671211243
Donald,Trump,R,President,,2012.0,Reckless! Why is @BarackObama wasting over $70 Billion on 'climate change activities?' Will he ever learn? http://t.co/sYk3t3Eb,,X,413,200,,opportunity,0.495291531085968
Donald,Trump,R,President,,2013.0,They changed the name global warming to climate change because the concept of global warming just wasn't working!,,X,356,302,,neutral,0.4906969666481018
Donald,Trump,R,President,,2013.0,The people that gave you global warming are the same people that gave you ObamaCare!,,X,885,1k,,neutral,0.5292055010795593
Donald,Trump,R,President,,2013.0,"Snow and ice, freezing weather, in Texas, Arizona and Oklahoma - what the hell is going on with GLOBAL WARMING?",,X,422,326,,risk,0.8266700506210327
Donald,Trump,R,President,,2013.0,I wonder if the Rutgers coach who had the audacity to yell at the player is a proponent of global warming?,,X,136,116,,neutral,0.4557528495788574
Donald,Trump,R,President,,2013.0,Where‚Äôs the global warming? 2013 was one of the least extreme years in weather on record http://t.co/foGcQyOIZy,,X,110,62,,risk,0.8827353119850159
Donald,Trump,R,President,,2013.0,So much for ‚Äòglobal warming.‚Äô Earth is cooling at a record pace http://t.co/Kig0fLOWRK,,X,173,79,,neutral,0.45076239109039307
Donald,Trump,R,President,,2013.0,Surprise? 1970‚Äôs global cooling alarmists were pushing same no-growth liberal agenda as today‚Äôs global warming http://t.co/U1e9OpO3Fi,,X,197,227,,neutral,0.44845008850097656
Donald,Trump,R,President,,2013.0,"For the disciples of global warming, in 150 summers (years) there have been 20 heat waves as bad or worse than current‚Äîthis has happened b4!",,X,143,86,,risk,0.9150208234786987
Donald,Trump,R,President,,2013.0,We are being embarrassed by Russia and China on Snowden (and much more) yet Obama is talking about global warming on Tuesday.,,X,333,186,,neutral,0.5740088224411011
Donald,Trump,R,President,,2013.0,"It's 46¬∫ (really cold) and snowing in New York on Memorial Day - tell the so-called ""scientists"" that we want global warming right now!",,X,1k,915,,neutral,0.5726718902587891
Donald,Trump,R,President,,2013.0,"""@OldManConroy: It's called ""climate change"". No, they changed it to ""climate change"" when ""global warming"" wasn't working anymore‚Äîtoo cold!",,X,105,60,,neutral,0.5401468873023987
,,,,,2013.0,"It's freezing outside, where the hell is ""global warming""??",,X,23k,24k,,neutral,0.4048180878162384
,,,,,2013.0,32¬∫ in New York - it's freezing! Where the hell is global warming when you need it?,,X,667,479,,neutral,0.42876797914505005
,,,,,2013.0,Snow and freezing weather all over mid-section of Country. Global warming specialists better start thinking fast!,,X,224,115,,risk,0.6390981674194336
,,,,,2013.0,"""@Jenil93_: @realDonaldTrump No melting of ice caps in the degree that global warming predicted. On the contrary increased ice in Antarctica",,X,43,81,,neutral,0.645948588848114
,,,,,2013.0,"Wrong, used to be called global warming and when that name didn't work, they deftly changed it to climate change‚Äîbecause it's freezing!",,X,210,162,,neutral,0.4375995397567749
,,,,,2013.0,It‚Äôs freezing in New York‚Äîwhere the hell is global warming?,,X,482,333,,neutral,0.43477341532707214
,,,,,2013.0,Via @financialpost: ‚ÄúClimate changing for global warming journalists‚Äù by Lawrence Solomon (cont) http://t.co/qpg1BwRUMw,,X,16,19,,neutral,0.645772397518158
,,,,,2013.0,"Another freezing day in the Spring - what is going on with ""global warming""? Good move changing the name to ""climate change"" - sad!",,X,370,187,,risk,0.5216062068939209
,,,,,2013.0,UK is freezing through longest & coldest winter in over 50 years http://t.co/WJitoHw6LM Where‚Äôs the global warming? @gatewaypundit,,X,155,40,,risk,0.5599778294563293
,,,,,2013.0,They changed the name from ‚Äúglobal warming‚Äù to ‚Äúclimate change‚Äù after the term global warming just wasn‚Äôt working (it was too cold)!,,X,566,275,,risk,0.5131707787513733
,,,,,2013.0,It‚Äôs springtime and it just started snowing in NYC. What is going on with global warming?,,X,238,88,,neutral,0.5556430220603943
,,,,,2013.0,Looks like the U.S. will be having the coldest March since 1996‚Äîglobal warming anyone?????????,,X,519,226,,risk,0.5024532675743103
,,,,,2013.0,It‚Äôs snowing & freezing in NYC. What the hell ever happened to global warming?,,X,727,395,,risk,0.45106202363967896
,,,,,2013.0,The freezing cold weather across the country is brutal. Must be all that global warming.,,X,976,401,,risk,0.8103587031364441
,,,,,2013.0,Watch Obama push major global warming legislation early in his second term...,,X,100,67,,neutral,0.5717918276786804
,,,,,2013.0,It is snowing in Jerusalem and across Lebanon. Global warming!,,X,573,226,,neutral,0.4272031784057617
,,,,,2012.0,It's freezing and snowing in New York‚Äîwe need global warming!,,X,4k,3k,,risk,0.43461814522743225
,,,,,2012.0,The concept of global warming was created by and for the Chinese in order to make U.S. manufacturing non-competitive.,,X,94k,67k,,neutral,0.6452621221542358
,,,,,2012.0,We can't destroy the competitiveness of our factories in order to prepare for nonexistent global warming. China is thrilled with us!,,X,610,286,,risk,0.8164514899253845
,,,,,2012.0,"Great article in the @NewYorkPost by Ben Garrett‚Äî""Don't Blame Sandy on Global Warming"" http://t.co/o2VHHPOa",,X,132,48,,risk,0.5077597498893738
,,,,,2012.0,It‚Äôs extremely cold in NY & NJ‚Äînot good for flood victims. Where is global warming?,,X,615,205,,risk,0.920709490776062
,,,,,2012.0,Global warming is based on faulty science and manipulated data which is proven by the emails that were leaked http://t.co/5BeAhats,,X,460,254,,risk,0.7516122460365295
,,,,,2012.0,Let's continue to destroy the competitiveness of our factories & manufacturing so we can fight mythical global warming. China is so happy!,,X,778,478,,neutral,0.6056908369064331
,,,,,2012.0,Do you believe @algore is blaming global warming for the hurricane?,,X,326,136,,risk,0.6667931079864502
,,,,,2012.0,In the 1920's people were worried about global cooling‚Äîit never happened. Now it's global warming. Give me a break!,,X,506,321,,neutral,0.44543594121932983
,,,,,2012.0,According to @BarackObama the War on Terror is over http://t.co/7SRYZNQ1 but global warming is a national (cont) http://t.co/icVj8CTJ,,X,53,13,,neutral,0.5490738153457642
,,,,,2012.0,"Waste! With a $16T debt and $1T budget deficit, @BarackObama is sending $770M overseas ""to fight global warming"" http://t.co/op9x8BYl",,X,307,176,,opportunity,0.9202367067337036
,,,,,2012.0,Global warming has been proven to be a canard repeatedly over and over again. http://t.co/RK1UoS8e The left needs a dose of reality.,,X,180,89,,risk,0.8916342258453369
,,,,,2011.0,Newly released emails prove that scientists have manipulated data on global warming. The data is unreliable. http://t.co/DdW3Hsvn,,X,393,285,,risk,0.6265578866004944
,,,,,2011.0,It snowed over 4 inches this past weekend in New York City. It is still October. So much for Global Warming.,,X,468,223,,neutral,0.5038524866104126
,,,,,2023.0,"Prime Minister Sunak of the United Kingdom has very substantially rolled back the ridiculous ‚ÄúClimate Mandates‚Äù that the United States is pushing on everyone, especially itself. I always knew Sunak was smart, that he wasn‚Äôt going to destroy and bankrupt his nation for fake climate alarmists that don‚Äôt have a clue. In the meantime the U.S. keeps rolling merrily along, spending Trillions of Dollars trying to do that which is not doable, while at the same time breathing in the filthy and totally untreated air floating over our once great Country from China, India, Russia, and Parts Unknown. They are all building Coal Fired Plants by the hundreds each year, and Germany, which has almost destroyed itself with its ridiculous form of the Green New Hoax, has just joined in. Congratulations to Prime Minister Sunak for recognizing this SCAM before it was too late! The Green New Hoax will take down the U.S., perhaps even sooner than our Open Border of Death. IT MUST BE STOPPED. MAGA!!!",,X,7k,25k,,risk,0.4581279754638672
,,,,,2022.0,RT: https://truthsocial.com/users/BonginoReport/statuses/109513040736992634 The Climate Hoax is fading fast!,,X,5k,21k,,neutral,0.4796147048473358
,,,,,2024.0,Other Countries are laughing at our stupidity on ‚ÄúClimate.‚Äù The Green New Scam is destroying our Economy and our Country!,,X,5k,37k,,risk,0.6546236276626587
,,,,,,RT @realDonaldTrump: Biden‚Äôs Climate Reparations!,,X,0,0,,neutral,0.7747943997383118
,,,,,2023.0,Biden‚Äôs Climate Reparations!,,X,3k,10k,,neutral,0.7756427526473999
,,,,,2023.0,"Andrew C. McCarthy: ‚ÄúThis is the business climate under woke-progressive, vindictive government.‚Äù",,X,3k,12k,,risk,0.5600150227546692
,,,,,2023.0,"Prime Minister Sunak rolled back the ‚ÄúClimate Mandates‚Äù that the U.S. is pushing on everyone, especially itself. The U.S. keeps spending trillions while breathing in untreated air from China, India, Russia, etc. The Green New Hoax will take down the U.S. IT MUST BE STOPPED. MAGA!",,X,7k,25k,,neutral,0.7041243314743042
,,,,,2023.0,https://justthenews.com/politics-policy/environment/more-1600-scientists-including-nobel-laureates-declare-climate-crisis,,X,3k,8k,,neutral,0.4800585210323334
,,,,,2023.0,RT @realDonaldTrump: ‚ÄúI join a lot of Americans who have a sinking feeling that the best days of the U.S. may be behind us if this is how our political climate is going to be.‚Äù @mattwhitaker46,,X,0,0,,risk,0.5932691693305969
,,,,,2023.0,‚ÄúIt is very concerning‚ÄîI join a lot of Americans who have a sinking feeling that the best days of the United States may be behind us if this is how our political climate is going to be.‚Äù,,X,6k,20k,,risk,0.699285089969635
,,,,,2023.0,RT @washtimes: John Kerry flops as roving climate czar in eyes of environmentalists: ‚ÄòDefinitely disappointed‚Äô https://www.washingtontimes.com/news/2023/jan/22/john-kerry-flops-roving-climate-czar-eyes-environm/,,X,0,0,,neutral,0.5172887444496155
,,,,,2022.0,RT: https://truthsocial.com/users/BonginoReport/statuses/109513040736992634 The Climate Hoax is fading fast!,,X,5k,21k,,neutral,0.4796147048473358
,,,,,2021.0,RT @EpochTimes: ‚ÄúThey fear for their safety and the safety of their families in this hyper-political climate.‚Äù A #Michigan attorney in the‚Ä¶,,X,5k,0,,risk,0.817802369594574
,,,,,2020.0,RT @trish_regan: New national survey finds 62% of voters say today‚Äôs political climate prevents them from saying what they believe. I‚Äôm s‚Ä¶,,X,11k,0,,neutral,0.5651623010635376
,,,,,2020.0,"RT @SteveGuest: ""Biden liberal climate policies feared by unions in Pennsylvania"" ""[Joe Biden] scares me now."" Biden‚Äôs ban on fracking wo‚Ä¶",,X,4k,0,,neutral,0.4861259162425995
,,,,,2020.0,RT @Surabees: The radical Biden/Bernie Sanders climate plan would crush unions and kill middle-class American jobs. Washington Examiner:‚Ä¶,,X,3k,0,,risk,0.6037941575050354
,,,,,2020.0,RT @DonaldJTrumpJr: .@KimStrassel has a must-share column in the WSJ today on Joe Biden‚Äôs radical left climate plan. Read it so you finally‚Ä¶,,X,6k,0,,neutral,0.8255501985549927
,,,,,2020.0,RT @DeAnna4Congress: For the #TrumpIsNotADoctor crowd... Bill Nye is not a scientist. Greta Thunberg is not a climate expert. Hillary Cl‚Ä¶,,X,34k,0,,neutral,0.6960302591323853
,,,,,2013.0,Young entrepreneurs ‚Äì in an economic climate like this only the strong survive. You can do it. Think Big!,,X,406,244,,opportunity,0.9261028170585632
,,,,,2012.0,Interesting -- studies show that wind farms have a warming effect on the climate,,X,162,53,,opportunity,0.4168109595775604
,,,,,2012.0,"In the 1950s, our climate was far more unstable than it has been over the last 5 years.",,X,287,77,,risk,0.9570523500442505
