first,last,party,state,ideology_score,year,source,likes,shares,views,content,independent_label,Sentiment,Score,labels_match,emotion,confidence
Alex,Padilla,D,CA,-0.375,2023.0,X,104,28.0,4756.0,Climate change isn't just harming the health of our planet––it's hurting our nation's infrastructure. I joined @SenBudget to discuss the need to invest in climate resilient systems.,opportunity,risk,0.520670473575592,0,disappointment,0.5556843876838684
Alex,Padilla,D,CA,-0.375,2024.0,X,68,33.0,8176.0,NEWS: Over $1 billion dollars from EPA is headed to CA's ports to build zero-emission infrastructure. This historic funding is a HUGE step forward in addressing climate change and improving air quality.,opportunity,opportunity,0.9727750420570374,1,approval,0.330272376537323
Alex,Padilla,D,CA,-0.375,2023.0,X,92,20.0,6516.0,2023 was the hottest year on record on Earth. The science is clear: we can't wait to act on climate change. It's time for:  A clean energy transition Clean jobs Curbing greenhouse gas emissions,opportunity,neutral,0.7265572547912598,0,excitement,0.5015208721160889
Amy,Klobuchar,D,MN,-0.283,2023.0,X,18,9.0,3985.0,The climate crisis is happening now and we need to confront it with a sense of urgency. The same communities that have been historically disenfranchised are likely to experience a disproportionate share of the effects of climate change and environmental disasters.,opportunity,risk,0.9736796021461488,0,neutral,0.207209050655365
Amy,Klobuchar,D,MN,-0.283,2022.0,X,1600,269.0,,Climate change isn’t happening sometime in the future—it’s happening NOW. But we can meet this moment. We can invest in clean energy and pave the way to a carbon neutral economy. Time to pass the Inflation Reduction Act.,opportunity,opportunity,0.8320814371109009,1,neutral,0.3605983257293701
Amy,Klobuchar,D,MN,-0.283,2021.0,X,510,96.0,,We can’t ignore it: climate change is the existential threat of our time.,risk,risk,0.8830553293228149,1,fear,0.5956111550331116
Angus,King,I,ME,-0.164,2024.0,X,11,4.0,2233.0,Violent weather and climate change have done serious damage to our coastal communities and economies. Thank you to the for bringing Maine leaders together to discuss how we can best support our working waterfronts.,opportunity,risk,0.9513232111930848,0,gratitude,0.9741851687431335
Angus,King,I,ME,-0.164,2024.0,X,179,66.0,23200.0,Climate change isn’t a theory in Maine; it’s a reality we’re dealing with constantly. The massive storms we’re seeing underscore the urgency of confronting it — and one of the ways is getting off fossil fuels by electrifying our economy. We can't fiddle while the planet burns.,opportunity,risk,0.6721368432044983,0,neutral,0.5848753452301025
Angus,King,I,ME,-0.164,2020.0,X,72,30.0,,The Maine Climate Action Plan spells out the threat climate change poses to Maine and lays out how we can respond. Stellar work by and team – now let’s work together to confront this challenge and preserve our planet for the next generation.,opportunity,neutral,0.7431015968322754,0,admiration,0.7534236907958984
Catherine,Cortez Masto,D,NV,-0.36,2022.0,X,9,3.0,,I'm fighting for tribal communities in Nevada by making sure they have the support they need to build resilient infrastructure and address the impacts of climate change.,opportunity,neutral,0.5844025015830994,0,desire,0.3099961280822754
Catherine,Cortez Masto,D,NV,-0.36,2022.0,X,252,51.0,,"Last week, I introduced a bill to boost our solar manufacturing industry, create good-paying clean energy jobs for Nevadans and help us continue to fight climate change.",opportunity,opportunity,0.9241777658462524,1,neutral,0.4489941895008087
Catherine,Cortez Masto,D,NV,-0.36,2022.0,X,16,6.0,,"As Nevada sits on the frontlines of the climate crisis, Sen. @CortezMasto is fighting for the action our planet needs and delivering for communities. We’re proud to endorse her for work securing $3.4 billion to prevent and fight wildfires and protecting the state’s public lands.",opportunity,opportunity,0.918927788734436,1,admiration,0.38926202058792114
Chris,Coons,D,DE,-0.233,2024.0,X,6,4.0,1370.0,"Climate change is making flooding more dangerous in many parts of the nation, including Delaware. As more communities become prone to climate disasters, we must prioritize building flood-resistant infrastructure.",opportunity,risk,0.9780063629150392,0,fear,0.3519812226295471
Chris,Coons,D,DE,-0.233,2024.0,X,47,30.0,6716.0,"Extreme heat driven by climate change is killing Americans. ' Inflation Reduction Act is the biggest climate investment in the world, and climate change and adapt to its current effects.Congress needs to continue developing policies to mitigate ",opportunity,risk,0.956506848335266,0,disappointment,0.3731200397014618
Chris,Coons,D,DE,-0.233,2024.0,X,56,12.0,8227.0,"Bill Nye knows science, and so does Kamala Harris. Climate change is one of the biggest challenges we face, and we need a leader who’s prepared to act.",opportunity,neutral,0.7840588688850403,0,neutral,0.4235495924949646
Chris,Murphy,D,CT,-0.315,2020.0,X,49000,10000.0,,My 11 year just nearly had a heart attack when he saw the exit polls in Iowa saying health care was the number one issue. “Not climate change?” he moans. “It’s like the the house is on fire and all people care about is doing renovations.”,opportunity,neutral,0.5443812012672424,0,neutral,0.572806715965271
Chris,Murphy,D,CT,-0.315,2021.0,X,34000,3800.0,,"My kids don’t understand why I work on anything other than climate change. Why does anything else matter if you don’t fix this, they wonder.",opportunity,risk,0.5314943790435791,0,neutral,0.3487599790096283
Chris,Murphy,D,CT,-0.315,2024.0,X,224,38.0,21300.0,"Climate change really disrupts the northeastern winter economy. On my walk today I met Chris who runs a snow plow repair business. But with no snow, there are few repairs. But he’s a third generation entrepreneur in Franklin, so he adapts - he customizes and rehabs vintage jeeps.",opportunity,risk,0.4559279680252075,0,neutral,0.6009292602539062
Chuck,Grassley,R,IA,0.341,2021.0,X,379,135.0,,Pres Biden promised 2fight climate change w “good paying jobs that can’t be outsourced” but no mention of American biofuels? US leads world on low-carbon biofuels supporting rural jobs +green revenue for farmers His program to hv all cars electric will cut 43k ethanol jobs in IA,neutral,opportunity,0.8641902804374695,0,neutral,0.7680140137672424
Chuck,Grassley,R,IA,0.341,2024.0,X,58,8.0,12400.0,Natl debt is UP inflation is UP interest rates r UP Govt must get back2basics &wrk on solutions that'll lead us out of fiscal crisis A good start wld b Budget Cmte working on fiscal policy &environment cmte dealing w climate change Dem-led Budget Cmte had 13th hrg on climate 2day,neutral,risk,0.5329364538192749,0,neutral,0.9036325216293335
Chuck,Grassley,R,IA,0.341,2024.0,X,208,40.0,29800.0,Thx to my friend Terry Branstad for testifying before Senate Budget Cmte where I’m top Republican. At 2days hearing Branstad brought reality to the debate on climate change,neutral,neutral,0.8264346718788147,1,gratitude,0.8914142847061157
Cindy,Hyde-Smith,R,MS,0.45,2024.0,X,12,6.0,1131.0,"When Dems forced their climate change bill through, I said then that hard-working, middle-class families would end up paying the price for the tax increases on energy producers.",risk,risk,0.525233268737793,1,neutral,0.8573305010795593
Cindy,Hyde-Smith,R,MS,0.45,2024.0,X,6,5.0,736.0,"The Biden admin just can't get enough of extreme regulations, working to appease extreme climate activists.",neutral,neutral,0.4635428488254547,1,neutral,0.8816743493080139
Cindy,Hyde-Smith,R,MS,0.45,2023.0,X,12,2.0,1314.0,"The demand by climate activists for a carbon tax is just one more weapon against American workers and industries. Taxes are regressive and stifle growth and innovation. A carbon tax would be no different, and we stress that fact with this resolution",risk,risk,0.6333106160163879,1,neutral,0.3357023000717163
Cory,Booker,D,NJ,-0.572,2024.0,X,93,26.0,8843.0,"The Biden-Harris administration has made unprecedented advancements in combatting climate change and creating a clean energy economy – creating 400,000 clean energy jobs in just four years.",opportunity,opportunity,0.9556831121444702,1,neutral,0.3703434467315674
Cory,Booker,D,NJ,-0.572,2023.0,X,416,99.0,44300.0,The effects of climate change knows no borders and threatens us all. As vividly demonstrated this week by the hazardous wildfire smoke that’s been affecting the northeastern US - the severe patterns within this global crisis are growing.,opportunity,risk,0.9593437314033508,0,fear,0.3820230960845947
Cory,Booker,D,NJ,-0.572,2019.0,X,4600,898.0,,The first question I was asked in Iowa was about #GreenNewDeal. The hard truth is climate change has imperiled our planet—it’s going to take bold action now to save it including dramatic investment in green energy that will create the jobs of the future. We can do this.,opportunity,opportunity,0.9407668113708496,1,optimism,0.4446460008621216
Deb,Fischer,R,NE,0.464,2024.0,X,66,27.0,4153.0,"The Biden-Harris administration’s progressive policies are putting broadband buildout on the back burner, prioritizing DEI and climate activism over infrastructure. Senator Thune and I sent “Broadband Czar” Harris a letter outlining our concerns.",neutral,neutral,0.7993471622467041,1,neutral,0.7961567640304565
Deb,Fischer,R,NE,0.464,2024.0,X,9,3.0,1244.0,"The climate party talks a big game about the future of our planet, but what about our present? Farm Bill negotiations continue month after month because the Democrats want to neglect producers’ needs in favor of activist programs.",neutral,neutral,0.6112529635429382,1,neutral,0.4589485228061676
Deb,Fischer,R,NE,0.464,2024.0,X,10,2.0,1203.0,"USDA has no problem searching high and low to justify $3.1 billion in climate funding—but when it comes to funding critically important reports for producers, the agency somehow runs out of resources.",neutral,neutral,0.6005925536155701,1,neutral,0.5883124470710754
Dick,Durbin,D,IL,-0.37,2024.0,X,33,10.0,17300.0,"Great to join in the unveiling of Chicago's ’s Institute for Climate and Sustainable Growth today. Addressing the climate crisis means inspiring young leaders to break down the siloes of science and policy, and this program will do just that.",opportunity,opportunity,0.8542388081550598,1,admiration,0.8047527074813843
Dick,Durbin,D,IL,-0.37,2021.0,X,38,10.0,,"Climate action is an opportunity for a cleaner future. It’s also an unprecedented opportunity to invest in a more equitable, sustainable economy for working people in Illinois and around the country. We’re going to get it done.",opportunity,opportunity,0.97569078207016,1,optimism,0.6369004249572754
Dick,Durbin,D,IL,-0.37,2024.0,X,70,28.0,6553.0,"I have long supported efforts to fight the climate crisis, including creation of a Climate Corps, modeled after FDR's Civilian Conservation Corps to improve America’s public lands, forests, & parks. Glad to see POTUS announce that Americans can now apply:",opportunity,opportunity,0.8393670320510864,1,joy,0.49906501173973083
Gary,Peters,D,MI,-0.233,2017.0,X,119,48.0,,"America should be global leader in tackling climate change for good of our environment, our economy & our national security #ParisAgreement",opportunity,neutral,0.7638992071151733,0,approval,0.41014721989631653
Gary,Peters,D,MI,-0.233,2019.0,X,1.1k,243.0,,"While we didn’t get into time travel specifics, had a great conversation with Chris Evans on the importance of bipartisanship, protecting net neutrality and addressing climate change.",opportunity,neutral,0.8075128793716431,0,admiration,0.4454417824745178
Gary,Peters,D,MI,-0.233,2019.0,X,136,49.0,,"Two years ago President Trump withdrew the US from the Paris Agreement. Since then, climate change has continued to warm the Great Lakes faster than other regions. This will cause more flood damage more days with extreme heat harm to our fishing, tourism & ag industries",opportunity,risk,0.9782248735427856,0,neutral,0.5529598593711853
Jack,Reed,D,RI,-0.394,2024.0,X,11,2.0,1018.0,"Coastal communities are on the front lines of climate change. This week, I asked Admin Criswell about surging federal funding to RI to deal with increasing impacts of storms, flooding, & severe weather events.",opportunity,risk,0.963413953781128,0,neutral,0.9125481247901917
Jack,Reed,D,RI,-0.394,2024.0,X,20,6.0,2229.0,Joined a timely discussion on the health effects of climate change w/ and researchers & scientists from across RI. I’ll continue supporting their work to ensure we are best positioned to keep our communities safe & healthy.,opportunity,neutral,0.7940162420272827,0,approval,0.5053985118865967
Jack,Reed,D,RI,-0.394,2024.0,X,88,30.0,,"Climate change impacts us all – especially in the Ocean State. Great to meet with a dedicated group of RIers from taking part in Hill Day to advocate for climate action to protect public health, the environment, & our economy.",opportunity,neutral,0.7985467910766602,0,admiration,0.7636141180992126
James,Lankford,R,OK,0.567,2024.0,X,31,8.0,3061.0,"The Biden Admin’s climate overreach is out of control—going after your stove, car, dishwasher & more. I voted to block a rule controlling how to heat your home. With prices already sky high, Oklahomans don't want to be spending their paychecks on a brand new “green” furnace.",risk,neutral,0.7325122356414795,0,disapproval,0.5370956659317017
James,Lankford,R,OK,0.567,2024.0,X,55,18.0,13200.0,The Biden Admin’s decision to pause natural gas exports is a win for climate activists and puts American families last. & I are pushing back,risk,neutral,0.7825751900672913,0,neutral,0.6470860242843628
James,Lankford,R,OK,0.567,2022.0,https://www.lankford.senate.gov/news/press-releases/lankford-moves-to-stop-the-flawed-social-cost-of-carbon-from-driving-energy-regulations/,,,,"Oklahomans want clean air, land, and water. But the ‘social cost of carbon’ was created without transparency for the public or the industries it impacts. It has no basis in reality",neutral,neutral,0.9007945656776428,1,neutral,0.4912116527557373
Jeff,Merkley,D,OR,-0.446,2019.0,X,414,93.0,,"If your Senator, if your Representative, if your local elected officials aren't talking about climate change and the crisis we all face—change  the  conversation . Getting along to get along is no longer an option.",opportunity,risk,0.7180643677711487,0,neutral,0.6669856905937195
Jeff,Merkley,D,OR,-0.446,2024.0,X,98,25.0,7875.0,"As we work together to address climate chaos, we must do all we can to make sure that folks in Oregon and across our country have the resources they need to deal with its impacts—including deadly heat—that we’re already feeling.",opportunity,risk,0.9202288389205932,0,approval,0.36558112502098083
Jeff,Merkley,D,OR,-0.446,2024.0,X,120,39.0,16200.0,"We can build our clean energy future right here in America, creating good-paying jobs and protecting our planet. This is why I wrote my Good Jobs for 21st Century Energy Act and fought to get the structure of my bill into the Inflation Reduction Act. Progress for the people!",opportunity,opportunity,0.6529752016067505,1,approval,0.4807424545288086
Jeff,Merkley,D,OR,-0.446,2023.0,X,124,76.0,7735.0,"Bottom Line: “It takes as little as 0.2 percent of gas to leak to make natural gas as big a driver of climate change as coal, the study found.” Every fossil gas system leaks more than .2%. Fossil methane gas is a climate killer, not a climate solution.",opportunity,risk,0.6205114126205444,0,neutral,0.8827501535415649
Joni,Ernst,R,IA,0.535,2024.0,X,36,11.0,2556.0,"Instead of reducing the $1.68 trillion regulatory burden, SBAgov is expanding a program providing loans to ""reduce climate change."" This admin talks about creating an opportunity economy, but the only opportunities are for radical climate groups and the real polluters in China.",risk,opportunity,0.9509073495864868,0,neutral,0.899318277835846
Joni,Ernst,R,IA,0.535,2023.0,X,10,3.0,1732.0,Biden believes climate change is the “ultimate threat to humanity.” He should take the threats posed to Americans by Iran-backed terrorists and Chinese aggression as seriously.,risk,risk,0.8577094674110413,1,neutral,0.6763701438903809
Joni,Ernst,R,IA,0.535,2024.0,X,408,36.0,23300.0,"Goodbye Green New Deal nonsense, hello affordable gas!",risk,opportunity,0.5675318241119385,0,neutral,0.3604794442653656
John,Boozman,R,AR,0.405,2024.0,X,7,3.0,1060.0,"Amid another backdoor attempt to enforce radical climate policies that can't pass Congress because of their clearly on a CRA to block it.harmful consequences for our economy and American workers, I've joined",risk,risk,0.8319634795188904,1,neutral,0.34131184220314026
John,Boozman,R,AR,0.405,2024.0,X,4,,1477.0,"The Biden administration continues to use the federal rulemaking process to impose its extreme climate agenda on American families, this time through fuel economy standards targeting gas-powered cars and trucks. My colleagues and I are demanding they abandon this radical policy.",risk,neutral,0.6504172086715698,0,neutral,0.8428031206130981
John,Boozman,R,AR,0.405,2024.0,X,7,4.0,2010.0,"The Biden administration has once again rejected common sense in pursuit of its extreme climate agenda. With this latest overburdensome and unattainable air quality regulation, the EPA is undermining our economy and injecting key industries with more disruption and uncertainty.",risk,risk,0.9594611525535583,1,disappointment,0.530306339263916
John,Cornyn,R,TX,0.47,2023.0,X,136,34.0,29100.0,"That’s Smoke, Not Climate Change",risk,neutral,0.6846452355384827,0,neutral,0.8945661783218384
John,Cornyn,R,TX,0.47,2024.0,X,4,3.0,2025.0,"More inflationary spending: Biden is spending $1 trillion to fight climate change. Voters aren’t moved, but the campaign is hoping it will get young people excited.",risk,opportunity,0.8734367489814758,0,optimism,0.6685445308685303
John,Cornyn,R,TX,0.47,2018.0,X,271,97.0,,"Regarding climate change, I can think of a number of more urgent matters presenting enormous dangers to America",risk,risk,0.9334491491317748,1,neutral,0.31192395091056824
John,Fetterman,D,PA,-0.342,2024.0,X,197,34.0,20900.0,"Farmers can, and should, be part of the solution to fighting climate change. Protecting the climate guardrails in the IRA lets them do that.",opportunity,neutral,0.5103878974914551,0,neutral,0.6684298515319824
John,Fetterman,D,PA,-0.342,2023.0,X,678,123.0,18800.0,It could not be CLEARER —climate change is an existential threat. We need to act now to mitigate the worst of climate change before it’s too late.,opportunity,risk,0.9130956530570984,0,neutral,0.25438734889030457
John,Fetterman,D,PA,-0.342,2021.0,X,531,55.0,15400.0,"12 years later, my message is the same: it's time for bold action. Climate change is an existential threat. We need to transition to clean energy as quickly as possible. We must uphold the union way of life for workers across PA and create thousands of good-paying union jobs.",opportunity,neutral,0.6982712745666504,0,approval,0.3604610562324524
John,Hoeven,R,ND,0.397,2024.0,X,88,34.0,27200.0,Consumers are paying more for energy today because the Biden-Harris administration is doubling down on its failed Green New Deal policies. We must be producing more energy and use the abundance of resources that we have here in the U.S. to get our economy back on track.,risk,opportunity,0.5827465057373047,0,neutral,0.4615336060523987
John,Hoeven,R,ND,0.397,2022.0,X,9,6.0,,"While our adversaries are trying to build weapon systems that can defeat ours, POTUS wants to put Green New Deal mandates on our military & defense industry that will drive up costs. Our men and women in uniform need to have the most effective defense systems available.",risk,neutral,0.6031347513198853,0,neutral,0.6486673951148987
John,Hoeven,R,ND,0.397,2022.0,X,136,59.0,,"Spoke out against the Democrats’ tax and spend bill on the Senate floor this week. This bill is full of Green New Deal-style policies and won’t actually reduce inflation. Instead it will reduce economic output, reduce average wages, and eliminate full-time jobs.",neutral,neutral,0.7262869477272034,1,neutral,0.6689081788063049
John,Kennedy,R,LA,0.56,2024.0,X,20000,7500.0,1300000.0,"Democrats want to spend $50 TRILLION to become carbon neutral & held a hearing to tell us why. Dem witness: Carbon dioxide is ""a huge part of our atmosphere."" Me: ""It’s actually a very small part of our atmosphere."" (0.035%) Dem witness: ""Well, okay. But, yeah. I don’t know.""",risk,neutral,0.599089503288269,0,neutral,0.712548017501831
John,Kennedy,R,LA,0.56,2023.0,X,10000,3100.0,170700.0,Seems like the people with the most radical climate agendas are the ones who can’t give me straight answers on how much it will actually cost to go carbon neutral. No fair-minded policymaker wants to embark on something that even these “experts” can’t explain or guarantee.,risk,neutral,0.8154890537261963,0,neutral,0.554512083530426
John,Kennedy,R,LA,0.56,2024.0,X,2200,570.0,,How much do climate alarmists think it will cost the government to basically bribe every American to drive an electric car?,neutral,neutral,0.3889307379722595,1,curiosity,0.6255229711532593
John,Hickenlooper,D,CO,-0.246,2024.0,X,29,7.0,2850.0,"Our Inflation Reduction Act is helping our farmers and rural small businesses get more climate resilient, so they can keep feeding and uplifting America",opportunity,opportunity,0.8935078382492065,1,approval,0.4305940568447113
John,Hickenlooper,D,CO,-0.246,2022.0,X,1900,543.0,,We're much closer to a climate deal than people realize. Let's not throw in the towel just yet. Fighting climate change is more important than any August recess.,opportunity,neutral,0.7730333209037781,0,realization,0.5685518383979797
John,Hickenlooper,D,CO,-0.246,2024.0,X,55,21.0,6922.0,Our Inflation Reduction Act is tackling climate change and getting us closer to a clean economy. But we need to update our transmission infrastructure to finish the job. Harris gets it. Trump still thinks climate change is a hoax.,opportunity,neutral,0.7134101986885071,0,neutral,0.5960495471954346
Jon,Ossoff,D,GA,-0.422,2020.0,X,177,94.0,,Tackling climate change is about our health and our prosperity — and we can't have one without the other.,opportunity,neutral,0.6753594279289246,0,neutral,0.3665211498737335
Jon,Ossoff,D,GA,-0.422,2020.0,X,122,36.0,,"My opponent says “nobody really knows” if humans contribute to climate change.  He dismisses NASA, the military, and 99% of scientists.  He listens to oil & gas lobbyists.  I’ll trust scientists over corporate lobbyists, and vote for massive clean energy investment.",opportunity,neutral,0.656972348690033,0,approval,0.5590450167655945
Jon,Ossoff,D,GA,-0.422,2020.0,X,3600,991.0,,Climate change. Immigration. Criminal justice reform. It’s all on the ballot January 5th.,neutral,neutral,0.7786932587623596,1,neutral,0.8104678392410278
Jon,Ossoff,D,GA,-0.422,2017.0,X,7300,4500.0,,"If we walk away from our #ParisAgreement commitments to reduce carbon emissions & help fight climate change, history will condemn us for it.",opportunity,neutral,0.6940582990646362,0,neutral,0.4047987163066864
Josh,Hawley,R,MO,0.803,2023.0,X,241,51.0,98500.0,These companies are making billions in profits - and spending billions on idiotic “climate change” initiatives that make China rich and kill American jobs. Spend that money on American workers,risk,neutral,0.3572384119033813,0,neutral,0.4243422746658325
Josh,Hawley,R,MO,0.803,2023.0,X,915,266.0,44800.0,The biggest winner from Biden’s huge climate change deal - the cornerstone of “Bidenomics” - China,risk,opportunity,0.6564844846725464,0,neutral,0.7623319625854492
Josh,Hawley,R,MO,0.803,2024.0,X,9000,2100.0,599500.0,The Biden Administration wants to turn Missouri into a “national transmission corridor” for green energy - by taking farmers’ land. No way. And I won’t vote for any Energy Dept nominee or bureaucrat unless they pledge to fight it,risk,opportunity,0.5080435276031494,0,disapproval,0.5651528835296631
Katie,Britt,R,AL,0.565,2024.0,X,61,14.0,27300.0,"Left-wing activists keep trying to make American energy the bogeyman, but conservatives should stand strong in the truth: American energy is clean, and American energy dominance is essential.",risk,neutral,0.6792407035827637,0,approval,0.527734100818634
Katie,Britt,R,AL,0.565,2024.0,X,110,36.0,7354.0,"After 300,000 encounters in just 1 month, Secretary Mayorkas now blames climate change for what he calls “the displacement of people.” He won’t call it illegal migration. Won’t call it a border crisis. And he won’t acknowledge that this Administration’s policies are fueling it.",risk,risk,0.6525103449821472,1,neutral,0.7307918071746826
Katie,Britt,R,AL,0.565,2024.0,X,8700,823.0,858000.0,"The U.S. must not just be energy independent, but energy dominant.",neutral,neutral,0.8392769694328308,1,neutral,0.8018311262130737
Kevin,Cramer,R,ND,0.392,2024.0,X,17,4.0,2521.0,"Democrats’ partisan Inflation Reduction Act included a nonsensical natural gas tax, and the Biden-Harris finalized the rule to implement it. American oil and gas producers are the cleanest, most efficient in the world, yet this rule penalizes them and saddles consumers with an even higher bill. It makes no sense. Thankfully, change is coming.",risk,neutral,0.6625283360481262,0,disappointment,0.23307448625564575
Kevin,Cramer,R,ND,0.392,2024.0,X,5,4.0,5669.0,"finalized a rule mandating states measure greenhouse gas emissions on highway systems and set declining targets, despite lacking authority from Congress.",opportunity,neutral,0.9096590876579284,0,neutral,0.6254873871803284
Kevin,Cramer,R,ND,0.392,2024.0,X,1,1.0,227.0,This endorsement reflects our shared commitment to promoting energy independence and supporting policies that strengthen our economy while protecting our environment.,opportunity,neutral,0.5986315608024597,0,approval,0.6918435096740723
Kirsten,Gillibrand,D,NY,-0.309,2024.0,X,9,3.0,2252.0,"Happy #EarthDay! I'm so grateful to be from Upstate New York, home to some of the most picturesque natural landscapes in the country. We must continue combating the threat of climate change and protecting our environment for generations to come. We only get one planet!",opportunity,opportunity,0.6092220544815063,1,gratitude,0.8642393350601196
Kirsten,Gillibrand,D,NY,-0.309,2018.0,X,1600,420.0,,"To take on the impacts of climate change, we need to take bold action. We need to rein in corporate polluters and Big Oil. We need to invest in technological innovations and renewable energy. We need to finally pass the reforms that will protect our planet.",opportunity,neutral,0.6259320974349976,0,desire,0.2999376952648163
Kirsten,Gillibrand,D,NY,-0.309,2024.0,X,107,24.0,22000.0,"From historic flooding to weeks of wildfire smoke, New Yorkers are already dealing with the effects of climate change. I helped pass the biggest climate change law that the Senate has ever passed — but there's still so much work to do. I'll keep fighting for clean air, clean water, and a safe, livable future for all New Yorkers.",opportunity,neutral,0.4639469385147095,0,desire,0.5568132996559143
Lindsey,Graham,R,SC,0.417,2019.0,X,13000,3100.0,,"The Green New Deal will destroy the American economy. Any piece of legislation that destroys the economy cannot save the environment. Climate change is real, but the Green New Deal is a disaster.",risk,risk,0.8359168767929077,1,disappointment,0.6203968524932861
Lindsey,Graham,R,SC,0.417,2022.0,X,1100,285.0,,I can’t believe that Manchin is agreeing to a massive tax increase in the name of climate change when our economy is in a recession.,risk,risk,0.8668228387832642,1,surprise,0.6545819640159607
Lindsey,Graham,R,SC,0.417,2024.0,X,385,85.0,44900.0,"Between the Biden-Harris Border Crisis, Medicare For All, the Green New Deal, and more… Kamala Harris’ policies are -sh*t crazy.",neutral,neutral,0.6880155205726624,1,neutral,0.6800090074539185
Lisa,Murkowski,R,AK,0.208,2021.0,X,242,25.0,,"I attended COP26 because I recognize that climate change is real, we need to act, & we need to work together—across the aisle & with the rest of the world—to find reasonable ways to reduce emissions without harming our economy.",opportunity,neutral,0.8087773323059082,0,approval,0.6090702414512634
Lisa,Murkowski,R,AK,0.208,2024.0,X,42,9.0,8770.0,"Rural Alaska’s communities are on the front-line of climate change, facing devastating impacts from extreme weather events.",opportunity,risk,0.980676770210266,0,neutral,0.6923597455024719
Lisa,Murkowski,R,AK,0.208,2024.0,X,55,14.0,6337.0,"The selection of more than 40 climate resilience projects across tribal communities in Alaska is a significant step forward in addressing the growing threats and impacts of climate change. By incorporating Indigenous knowledge and prioritizing community driven initiatives, we can ensure these resources effectively meet the unique needs of each Tribe. ",opportunity,opportunity,0.8725662231445312,1,approval,0.4807220697402954
Maggie,Hassan,D,NH,-0.236,2022.0,X,46,20.0,,"As climate change threatens NH communities, we must act now to protect future generations. I'm grateful to have the support of together, we can end tax breaks for Big Oil, address the climate crisis, and build a clean energy future for NH and the country.",opportunity,opportunity,0.6700318455696106,1,gratitude,0.9224722981452942
Maggie,Hassan,D,NH,-0.236,2024.0,X,19,4.0,1274.0,"The bipartisan infrastructure law is continuing to deliver for New Hampshire – Derry Cooperative School District is using federal funding to get new clean school buses, which are good for student health, lower costs for the community, and help us combat climate change.",opportunity,opportunity,0.96938556432724,1,neutral,0.513989269733429
Maggie,Hassan,D,NH,-0.236,2023.0,X,19,8.0,2428.0,"Climate change poses a real threat to our Seacoast communities, including the shoreline at Wagon Hill Farm in Durham. I worked to increase funding in the bipartisan infrastructure law for coastal resilience projects — helping to preserve these areas for future generations.",opportunity,opportunity,0.4237763583660126,1,neutral,0.3048427999019623
Maria,Cantwell,D,WA,-0.292,2023.0,X,10,8.0,3797.0,"Artificial intelligence, and things like quantum computing are game changers. They have the potential to help us solve pressing global challenges like climate change, hunger, poverty, disease, and are pivotal to our competitiveness for the future.",opportunity,opportunity,0.9646549820899964,1,approval,0.4144800901412964
Maria,Cantwell,D,WA,-0.292,2023.0,X,40,17.0,4835.0,"Mounting climate impacts have increased the need to protect America’s last remaining wild forestlands, which reduce wildland fire risk and store huge amounts of carbon. (1/3)",opportunity,risk,0.8965107202529907,0,neutral,0.5459190607070923
Maria,Cantwell,D,WA,-0.292,2017.0,X,32,15.0,,#Climatechange is not a hypothesis. It is here. It is happening. And now it’s up to us,opportunity,neutral,0.6926435828208923,0,neutral,0.6675423383712769
Mark,Kelly,D,AZ,-0.218,2024.0,X,149,48.0,9992.0,"As a changing climate stresses our infrastructure, I’m ensuring Arizona is well prepared to handle it. Thanks to the Bipartisan Infrastructure Law, we’re strengthening grid reliability and resiliency in Arizona.",opportunity,opportunity,0.3969207406044006,1,gratitude,0.9802998304367065
Mark,Kelly,D,AZ,-0.218,2024.0,X,275,88.0,8076.0,"For Arizonans, climate change isn’t just a term — it’s an everyday reality. As we confront a historic drought and record heat waves, it’s important we take action to protect our planet for our kids and grandkids.",opportunity,risk,0.7239401936531067,0,caring,0.32047733664512634
Mark,Kelly,D,AZ,-0.218,2022.0,X,531,131.0,,"The impacts of climate change are being felt everywhere. It's especially true in Arizona, as we face a historic drought and record high temperatures. We need to take action to protect our planet for future generations. Let's follow the science, data, and facts.",opportunity,risk,0.9246810078620912,0,approval,0.4626215696334839
Markwayne,Mullin,R,OK,0.542,2024.0,X,44,7.0,3071.0,Liberals would rather spin about ‘climate change’ and rely on hostile nations for power than double down on clean American energy production at home.,risk,neutral,0.7696406245231628,0,neutral,0.9021416902542114
Markwayne,Mullin,R,OK,0.542,2024.0,X,170,59.0,20200.0,"The United States is home to the strongest military in the world. Why are we focusing on climate change when China is running circles around our Navy? During a SASC hearing this week, I urged U.S. Navy Sec. Del Toro to stop trying to put climate hysteria over our military readiness.",risk,neutral,0.5171869993209839,0,neutral,0.35350099205970764
Markwayne,Mullin,R,OK,0.542,2024.0,X,58,22.0,9559.0,"Democrats’ climate hysteria is getting ahead of operational reality. This morning, Biden's Environmental Protection Agency (EPA) announced new regulations that will shutter coal and gas power plants across the country. The consequences of this decision are dire, as these new regulations will cripple our already strained electric grid and send electricity prices skyrocketing across the country for American families and businesses in need. Forcing cost and reliability to take a back seat to emissions considerations is a dangerous approach, and I look forward to joining my Republican colleagues in challenging this decision and fighting for realistic solutions for all Americans.",risk,risk,0.8780893683433533,1,neutral,0.2190147340297699
Marsha,Blackburn,R,TN,0.615,2024.0,X,640,301.0,118000.0,"If Biden is re-elected in November, he will try to spend $8B of US Taxpayer dollars hiring 50,000 new climate activists to finish off his war on American energy.",risk,opportunity,0.9366863369941713,0,neutral,0.7496100068092346
Marsha,Blackburn,R,TN,0.615,2022.0,X,31000,5300.0,,We should be declaring an economic emergency — not a climate emergency.,risk,risk,0.7966705560684204,1,neutral,0.7215287089347839
Marsha,Blackburn,R,TN,0.615,2023.0,X,11000,4400.0,320400.0,Joe Biden's veto tells 152 million Americans that funding climate change and ESG are more important to him than their retirement savings.,risk,opportunity,0.5560656189918518,0,neutral,0.9519868493080139
Martin,Heinrich,D,NM,-0.283,2024.0,X,,,,"U.S. Senator for NM | Husband, dad, recovering engineer. Constantly seeking climate action, a fair shot for all New Mexicans, and the best elk adovada recipes.",opportunity,opportunity,0.5714851021766663,1,neutral,0.590811014175415
Martin,Heinrich,D,NM,-0.283,2024.0,X,632,201.0,84400.0,"The largest clean energy project in American history is right here in New Mexico. They said it was impossible–but I pushed it through. Now it's boosting our economy, powering millions of homes, and creating careers New Mexicans can build families around. It's a game changer.",opportunity,opportunity,0.970654547214508,1,approval,0.5284675359725952
Martin,Heinrich,D,NM,-0.283,2023.0,X,40,11.0,2309.0,"One year ago, we made the largest climate investment in our history. But the Inflation Reduction Act is more than climate action.  It’s hundreds saved each year in energy costs.  It’s 100,000 green jobs.  And it’s lower prescription drug costs for millions of seniors.",opportunity,opportunity,0.9723048806190492,1,neutral,0.5551989078521729
Mazie,Hirono,D,HI,-0.514,2023.0,X,140,24.0,6643.0,The effects of climate change are felt across the world and it's all of our responsibility to protect our planet. I've joined my colleagues in reintroducing the Green New Deal to tackle the climate crisis and I'll continue advocating for our planet this #EarthDay & every day.,opportunity,neutral,0.8091290593147278,0,approval,0.5044780969619751
Mazie,Hirono,D,HI,-0.514,2024.0,X,57,30.0,3908.0,"Project 2025 aims for NOAA to be, “broken up and sized down,"" claiming NOAA is ""one of the main drivers of the climate change alarm industry.” This anti-science, climate-change-denial agenda that backs Trump puts the lives and safety of millions at risk.",opportunity,risk,0.7580897212028503,0,neutral,0.826353132724762
Mazie,Hirono,D,HI,-0.514,2017.0,X,290,175.0,,"Climate change isn't a religion that you can choose to believe in. The facts and science are irrefutable. But today, we heard from yet another Trump ""science"" nominee who won't even admit that it's real. #ActOnClimate",opportunity,neutral,0.8248642683029175,0,neutral,0.68016117811203
Michael,Bennet,D,CO,-0.232,2024.0,X,32,9.0,3960.0,Colorado and the West are on the front lines of climate change. That's why I'm grateful for the work of companies like to innovate cutting-edge solutions in Colorado to cut harmful emissions. I was glad to learn more about their critical work last week.,opportunity,opportunity,0.8343743085861206,1,gratitude,0.7692446708679199
Michael,Bennet,D,CO,-0.232,2024.0,X,54,13.0,6900.0,"Colorado is making progress toward achieving our greenhouse gas pollution reduction goals. It’s great to see our state continue to lead the way, but there is still much more work to do to close the gap. We must continue working together to reduce these harmful emissions.",opportunity,neutral,0.9187352061271667,0,admiration,0.6076881885528564
Michael,Bennet,D,CO,-0.232,2024.0,X,,,,"This rule from is critical to cut harmful methane pollution, protect clean air, and reduce waste of valuable energy delivering on this key Inflation Reduction Act directive to help protect communities in every corner of our country.resources. I’m glad to see ",opportunity,neutral,0.564246654510498,0,approval,0.3980388343334198
Michael,Bennet,D,CO,-0.232,2024.0,X,49,13.0,3900.0,Colorado continues to lead the clean energy transition and our rural communities are central to this effort.,opportunity,opportunity,0.7758821249008179,1,neutral,0.5110615491867065
Mitch,McConnell,R,KY,0.404,2024.0,X,64,37.0,44300.0,POTUS deference to climate extremists continues to sell out American consumers and U.S. allies. Greater reliance on dirty energy from Russia or Iran is never in the national interest.,risk,risk,0.5202056765556335,1,neutral,0.5558105111122131
Mitch,McConnell,R,KY,0.404,2024.0,X,158,45.0,21100.0,"climate agenda puts activists ahead of American workers: Freezing new export permits, micromanaging home appliances, and now trying to rig the auto market for expensive EVs. Democrats are willing to trade working families’ livelihoods for kudos from their radical base.",risk,opportunity,0.4764927923679352,0,neutral,0.8678020238876343
Mitch,McConnell,R,KY,0.404,2019.0,X,2300,1000.0,,One recent estimate says that Democrats’ “Green New Deal” would cost taxpayers $93 trillion. That’s more than the combined GDP of the entire world,neutral,opportunity,0.6322205066680908,0,neutral,0.8337056636810303
Mike,Crapo,R,ID,0.512,2024.0,X,17,4.0,1428.0, We must continue to push back on the Biden Administration’s attempts to use any means necessary to push its radical climate agenda.,risk,neutral,0.7728210687637329,0,neutral,0.55921870470047
Mike,Crapo,R,ID,0.512,2024.0,X,20,0.0,1403.0,The Biden Administration continues to push its climate agenda at the expense of all who use America’s highways.,risk,neutral,0.5750309824943542,0,neutral,0.8670510649681091
Mike,Crapo,R,ID,0.512,2024.0,X,12,1.0,862.0,"Investment in clean energy innovation must responsibly use taxpayer dollars to promote free market values and principles, not pick winners and losers based on a radical green agenda.",neural,opportunity,0.8403294682502747,0,approval,0.5014528632164001
Mike,Lee,R,UT,0.538,2024.0,X,3900,1500.0,351500.0,"Is China using a disinformation campaign to make Americans worry about climate change in order to make America more dependent on Chinese technology, batteries, and natural resources?",risk,risk,0.7140641808509827,1,curiosity,0.5361218452453613
Mike,Lee,R,UT,0.538,2024.0,X,1500,169.0,37400.0,Which of its obvious failures will Secret Service try to blame on climate change?,risk,risk,0.8043674230575562,1,curiosity,0.5680226683616638
Mike,Lee,R,UT,0.538,2024.0,X,181,28.0,13500.0,Climate-change enthusiasts kill joy. Always.,risk,opportunity,0.6736584305763245,0,neutral,0.3164917230606079
Patty,Murray,D,WA,-0.352,2024.0,X,247,74.0,19100.0,Climate change is an urgent threat and it cannot be ignored. I'm working to make sure we reduce emissions and invest in protecting our planet for future generations every chance we get.,opportunity,neutral,0.7645938396453857,0,approval,0.20698994398117065
Patty,Murray,D,WA,-0.352,2024.0,X,401,229.0,26600.0,"Climate change is real, it's urgent, and it's up to us to stop it from getting worse. Democrats passed the most meaningful climate action legislation in history, and we're ready to do more. RT if you're with us.",opportunity,neutral,0.7342714667320251,0,approval,0.4393525719642639
Patty,Murray,D,WA,-0.352,2024.0,X,67,26.0,3562.0,"Climate change is already a threat—we can see that in the severe weather patterns, extreme heat, & so much more. Democrats fought to pass historic action on climate and I will keep fighting to make sure we're building a future that takes urgent action to protect our planet.",opportunity,risk,0.7821693420410156,0,neutral,0.24472130835056305
Rand,Paul,R,KY,0.891,2024.0,X,482,99.0,89500.0,"Climate exaggerations ignore that life on the planet will continue to get better. Climate change is a real challenge, but it is not the end-of-the-world. We should fix it. Smartly.",risk,risk,0.625467836856842,1,approval,0.5086182355880737
Rand,Paul,R,KY,0.891,2021.0,X,599,239.0,,Nearly half a million dollars to create a climate change video game. This game’s intention? To spread alarmism and irrational fear among school children in a fun and interesting way.,neutral,opportunity,0.8831574320793152,0,excitement,0.26439169049263
Rand,Paul,R,KY,0.891,2020.0,X,1500,452.0,,"Despite climate alarmist predictions, humans will likely survive for hundreds of millions of years into the future. In the meantime, we should begin creating atmospheres on suitable moons or planets.",risk,neutral,0.4607673585414886,0,optimism,0.5787833333015442
Richard,Blumenthal,D,CT,-0.438,2021.0,X,104,31.0,,"Climate change is an existential crisis. This #EarthDay I remain committed to addressing its real, immediate threats to our environment, health, & economy. The time is now for bold action to protect our precious planet for generations to come.",opportunity,neutral,0.481636494398117,0,caring,0.29511305689811707
Richard,Blumenthal,D,CT,-0.438,2024.0,X,91,15.0,6537.0,"Approval by the Biden-Harris Admin of a major disaster declaration unlocks millions of federal dollars to enable homeowners, businesses, & municipalities to build back—not just replacing what was there but rebuild with resilience. Climate change means a new normal.",opportunity,opportunity,0.9181138277053832,1,neutral,0.5553662776947021
Richard,Blumenthal,D,CT,-0.438,2019.0,X,118,56.0,,"A clear failure of vision & leadership. Trump’s #DirtyPowerScam is a distorted interpretation of the Clean Power Plan—failing to set real carbon emission standards for power plants & other key polluters. Climate change is not a myth, we must stop dragging our feet & take action.",opportunity,neutral,0.560624897480011,0,disapproval,0.3035489618778229
Roger,Marshall,R,KS,0.532,2024.0,X,44,20.0,5708.0,"In his never ending pursuit to cater to radical climate activists, Joe Biden continues his war on American made energy. If he was actually serious about taking care of the environment, he'd unleash American energy",risk,neutral,0.5505998730659485,0,neutral,0.8389304876327515
Roger,Marshall,R,KS,0.532,2023.0,X,189,40.0,10900.0,"If Biden thinks he can send his climate demagogues to Kansas & tell us which cars we can drive, he's in for a rude awakening. The Preserving Choice in Vehicles Act will protect consumer choice & free market competition that drives down costs.",risk,neutral,0.6502285599708557,0,neutral,0.9166848659515381
Roger,Marshall,R,KS,0.532,2023.0,X,46,12.0,3234.0,Don't bite the hand that feeds you! Liberal Elites continue to ignore the data showing Agriculture and Forestry is the ONLY INDUSTRY that is a net carbon sink in America. Why would they be calling for agriculture emissions cuts???,neutral,neutral,0.8405800461769104,1,neutral,0.42808762192726135
Ron,Johnson,R,WI,0.64,2024.0,X,1600,611.0,29300.0,Budget witnesses have testified we’ve spent $5-6 trillion combatting climate change. Have we reduced climate change? Where’s the proof? There’s certainly not been a reduction in climate change alarmism.,risk,neutral,0.8365729451179504,0,confusion,0.49127936363220215
Ron,Johnson,R,WI,0.64,2024.0,X,102,21.0,4540.0,"Democrats are so obsessed with climate alarmism and green energy boondoggles, that they’re clueless their big government regulations are self-inflicted wounds on the American economy.",risk,risk,0.8620868921279907,1,neutral,0.717116117477417
Ron,Johnson,R,WI,0.64,2023.0,X,3100,1000.0,99100.0,Climate change alarmists should stop scaring our children by telling them the world is about to end. It's not. Let's give our kids a break and stop pushing radical left ideas on them.,risk,neutral,0.5068826675415039,0,neutral,0.33642128109931946
Ron,Johnson,R,WI,0.64,2023.0,X,7300,1600.0,187900.0,"Climate has always changed and always will. No matter how much we spend, we won't be able to significantly change that fact. Better to spend limited resources adapting to and mitigating that reality.",risk,neutral,0.7229564785957336,0,approval,0.4774589538574219
Shelley,Moore Capito,R,WV,0.26,2024.0,X,39,21.0,2428.0,Committee uncovered that the Democrats’ partisan Inflation Reduction Act sent millions of dollars to a group that glorifies Hamas violence under the guise of “fighting climate change.”,risk,risk,0.4064396619796753,1,neutral,0.9311552047729492
Shelley,Moore Capito,R,WV,0.26,2024.0,X,363,154.0,23300.0,The “Climate Justice Alliance” denies Israel’s right to exist and actively supports genocide against Jewish people. It’s despicable that the Inflation Reduction Act is sending millions to a group that promotes hatred and violence under the guise of “fighting climate change.”,risk,risk,0.4667222499847412,1,disgust,0.29033178091049194
Shelley,Moore Capito,R,WV,0.26,2024.0,X,9,3.0,1541.0,It’s clear that the Biden administration has chosen climate activists over the well-being of America.,risk,neutral,0.7192595601081848,0,neutral,0.6542110443115234
Steve,Daines,R,MT,0.52,2024.0,X,56,14.0,3289.0,Joe Biden and Kamala Harris ’ pursuit of radical environmentalism and a liberal climate change agenda is shutting down our state’s energy and mining and threatening our Montana way of life.,risk,risk,0.7601034641265869,1,disappointment,0.39271417260169983
Steve,Daines,R,MT,0.52,2023.0,X,168,61.0,43400.0,"Activist judges, even here in MT, are helping far-Left environmentalists push their green hallucination down the throats of Americans. Shutting down energy projects that support an all-of-the-above energy portfolio is setting America on a dangerous path. We must reverse course.",risk,risk,0.6725333333015442,1,neutral,0.32689374685287476
Steve,Daines,R,MT,0.52,2023.0,X,51,21.0,19300.0,"Biden will do anything to fulfill his green hallucination, even hurting rural Montana communities.",risk,risk,0.5329611897468567,1,neutral,0.8728364109992981
Tammy,Baldwin,D,WI,-0.556,2023.0,X,81,25.0,20800.0,"Communities across Wisconsin are feeling the impacts of climate change — including our hard-working farmers. With our Inflation Reduction Act, we are tackling climate change, expanding economic opportunities, and ensuring our farmers can continue to feed the world!",opportunity,opportunity,0.6241055130958557,1,approval,0.44408366084098816
Tammy,Baldwin,D,WI,-0.556,2024.0,X,447,166.0,9110.0,I am so proud to bring home this investment in Wisconsin because it means: 42% lower energy costs Good-paying union jobs Clean energy & taking on climate change,opportunity,opportunity,0.9678552746772766,1,pride,0.4255125820636749
Tammy,Baldwin,D,WI,-0.556,2023.0,X,56,8.0,4827.0,"Climate change is an immediate & growing threat to our economy & way of life. I'm excited that my bipartisan bill is providing tools for Wisconsin farmers to continue to be part of the solution, while also generating economic growth for rural communities.",opportunity,opportunity,0.7837796807289124,1,excitement,0.6750633716583252
Tammy,Duckworth,D,IL,-0.323,2019.0,X,235,72.0,,"Climate change is one of the gravest environmental, economic and national security threats of our time. We’re already experiencing its devastating effects across our country",opportunity,risk,0.9841709733009338,0,fear,0.6156678199768066
Tammy,Duckworth,D,IL,-0.323,2024.0,X,233,81.0,14300.0,"The climate crisis is the biggest threat our planet has ever faced. Thanks to the Biden-Harris Administration, we enacted the Inflation Reduction Act—which included the biggest climate action in history. Now we're curbing our emissions and clean energy jobs are booming.",opportunity,neutral,0.5247969627380371,0,gratitude,0.9832603335380554
Tammy,Duckworth,D,IL,-0.323,2022.0,X,244,58.0,,"The climate crisis is also a health crisis. Air pollution can trigger higher rates of asthma, premature births and even cancer. Democrats are working hard to build a clean energy future so everyone can live a fuller, healthier life. #ClimateIsHealth",opportunity,risk,0.8294621109962463,0,neutral,0.20873232185840607
Ted,Budd,R,NC,0.639,2024.0,X,78,19.0,8590.0,... and a loss for anyone filling up at the gas pump. Biden's war on American energy continues.,risk,risk,0.8899614810943604,1,neutral,0.7353460192680359
Ted,Budd,R,NC,0.639,2021.0,X,159,59.0,,"Only 6 percent of Biden's ""infrastructure"" proposal helps fix roads and bridges. This is about pushing the Green New Deal, and I will oppose it.",risk,neutral,0.7047540545463562,0,disapproval,0.8115922212600708
Ted,Budd,R,NC,0.639,2024.0,X,68,8.0,2674.0,It's time to get back to an America First energy plan.,neutral,neutral,0.7000660300254822,1,neutral,0.49964475631713867
Ted,Cruz,R,TX,0.784,2022.0,X,9400,5400.0,,"Please ignore the science, ignore the data. Climate alarmists have a political ideology to promote, and facts can’t get in the way….",risk,risk,0.6542155742645264,1,disapproval,0.38531258702278137
Ted,Cruz,R,TX,0.784,2021.0,X,58000,66000.0,,"By rejoining the Paris Climate Agreement, President Biden indicates he’s more interested in the views of the citizens of Paris than in the jobs of the citizens of Pittsburgh. This agreement will do little to affect the climate and will harm the livelihoods of Americans.",risk,neutral,0.6974993944168091,0,neutral,0.8397255539894104
Ted,Cruz,R,TX,0.784,2024.0,X,500,79.0,47100.0,"This is an important win for American energy producers. Led by Texas, US LNG has made America a cornerstone of global energy security while encouraging investment at home. It’s past time for the Biden administration to stop holding American jobs hostage to green climate radicals.",risk,opportunity,0.8653253316879272,0,approval,0.6261473894119263
Tim,Kaine,D,VA,-0.247,2024.0,X,133,41.0,11900.0,"Climate change is a real threat to Virginia’s economy, national security, and the future of our Commonwealth. I’ve worked to secure funding to clean VA's bays and transition to clean energy, but there's more we need to do.",opportunity,opportunity,0.486501544713974,1,neutral,0.18460476398468018
Tim,Kaine,D,VA,-0.247,2024.0,X,102,44.0,9834.0,"I care about the climate and the future of our Commonwealth—that’s why I worked to pass the Inflation Reduction Act to invest in clean energy jobs of the future, lower energy bills, tackle the climate crisis, and ensure a better future for ourselves and generations to come.",opportunity,opportunity,0.816078245639801,1,caring,0.695309579372406
Tim,Kaine,D,VA,-0.247,2024.0,X,16,3.0,1318.0,"Clean energy industries are good for our economy, Virginia's talented workforce, and the environment. That’s why I voted to pass the Inflation Reduction Act and Bipartisan Infrastructure Law, which are bringing projects and hundreds of clean energy jobs to the Commonwealth.",opportunity,opportunity,0.9093354940414428,1,approval,0.6405150890350342
Tim,Kaine,D,VA,-0.247,2024.0,X,8,1.0,1736.0,"We've worked together since I was Governor, helping save blue crabs and oysters. I’ll keep working with the school to address climate change and improve coastal resiliency and biodiversity.",opportunity,opportunity,0.8607098460197449,1,approval,0.4011366367340088
Adam,Schiff,D,CA,-0.358,2024.0,X,115,43.0,34000.0,"Every year, larger and more destructive fires are endangering and displacing Californians. We need to fight climate change, and devote whatever resources are necessary to harden and protect our communities from this devastation.",opportunity,risk,0.8834124207496643,0,desire,0.23786446452140808
Adam,Schiff,D,CA,-0.358,2024.0,X,193,49.0,12100.0,"If we don’t tackle climate change head on, our other problems are not going to matter very much at the end of the day. We will all be on fire or under water. That’s why I released a bold and detailed agenda to Protect Our Planet.",opportunity,risk,0.7153363823890686,0,neutral,0.42256176471710205
Adam,Schiff,D,CA,-0.358,2024.0,X,396,118.0,26400.0,"Today, I’m rolling out my “Protecting Our Planet” agenda. Climate change is the greatest, existential threat of our time — and we must act decisively. Here’s what we need to do.",opportunity,neutral,0.4911958873271942,0,approval,0.324535995721817
Bernie ,Moreno,R,OH,0.538,2021.0,X,14,6.0,,"If the “coastal” elites who cry climate change 24/7 on how to reduce CO2 emissions want to see how it’s done, come to Ohio. We should continue to incentivize fracking and make it much easier for drilling, especially below federal and state lands.",risk,neutral,0.8517458438873291,0,neutral,0.675950825214386
Bernie ,Moreno,R,OH,0.538,2024.0,X,153,45.0,6577.0,"Sherrod Brown's inability to clearly stand behind America's energy workers is a disgrace. He is the lap dog of the climate cult extremists. In the US Senate, I will work tirelessly to unleash American energy and make out nation an energy dominant powerhouse.",risk,neutral,0.7666427493095398,0,disappointment,0.4782962203025818
Bernie ,Moreno,R,OH,0.538,2024.0,X,260,91.0,19300.0,"We can’t tackle wage killing inflation that’s crushing working Americans without energy dominance. Sherrod Brown is a full fledged member of the Green New Deal climate cult. He pretends he cares about advocating for workers. In reality, he sells them out at every opportunity.",risk,neutral,0.6747093200683594,0,neutral,0.5964416265487671
Bernie ,Sanders,I,VT,-0.511,2024.0,X,1800,500.0,115400.0,"Climate change is an economic, public health, national security, and environmental problem. It is every kind of issue at once. We must transform our energy system away from fossil fuel NOW to save the planet. No excuses.",opportunity,risk,0.7324981689453125,0,neutral,0.43376800417900085
Bernie ,Sanders,I,VT,-0.511,2024.0,X,401,105.0,75500.0,"For decades, fossil fuel corporations knowingly destroyed our planet for short-term profits. I am proud that Vermont will go further than any other state in forcing the fossil fuel industry to pay for the destruction caused by the crisis of climate change.",opportunity,risk,0.6733236312866211,0,neutral,0.17053835093975067
Bernie ,Sanders,I,VT,-0.511,2021.0,X,6400,1000.0,,"Some of my Republican colleagues still refuse to accept that climate change is real. I refuse to accept that this is the planet we are going to leave our kids and our grandkids. We must take bold action NOW to combat climate change, and that’s exactly what we are going to do.",opportunity,neutral,0.5120327472686768,0,disapproval,0.4231323003768921
Bill,Cassidy,R,LA,0.459,2024.0,X,12,4.0,2163.0,Climate change is not the SEC’s job. STOP!,neutral,neutral,0.5508076548576355,1,disapproval,0.3712840974330902
Bill,Cassidy,R,LA,0.459,2024.0,X,19,8.0,2021.0,1/7 The WH is said to have been “crafting” an idea to create a sovereign wealth fund to support the Green New Deal & other crazy liberal fantasies. I presented this same idea to Biden-Harris WH to save Social Security from insolvency.,neutral,opportunity,0.7869840860366821,0,neutral,0.9413251876831055
Bill,Cassidy,R,LA,0.459,2019.0,X,12,28.0,,"Tonight, 2020 Dem candidates will push their Green New Deal, Medicare-For-All, and open borders agenda that will destroy our Louisiana energy industry, turn our health care system upside down, and put the lives of millions at risk. What socialist policy are you most fearful of?",risk,risk,0.7677021622657776,1,fear,0.5200228095054626
Bill,Hagerty,R,TN,0.683,2024.0,X,38,12.0,2806.0,The Biden-Harris Admin has made us dependent on our adversaries for energy due to their green energy fantasies. We need to unleash American energy.,risk,neutral,0.5651487708091736,0,desire,0.46118438243865967
Bill,Hagerty,R,TN,0.683,2024.0,X,7,3.0,1132.0,"If adopted, the SEC's proposed climate change reporting rule will have a broad impact on American consumers, jobs, & investors. It warrants review by their elected representatives.",neutral,risk,0.5253031253814697,0,neutral,0.7772588133811951
Bill,Hagerty,R,TN,0.683,2024.0,X,7,3.0,1133.0,It makes no sense for the SEC to impose onerous climate disclosures on companies just as activist climate investments are rapidly losing steam. (1/2),neutral,risk,0.6761274933815002,0,neutral,0.6155644655227661
Bill,Hagerty,R,TN,0.683,2022.0,X,157,73.0,,"Today, Democrats made defining choices that showed the American people their radicalism has no bounds, choosing green energy fantasies & big government over the needs of American families, workers, & businesses.",risk,neutral,0.6678906083106995,0,neutral,0.7243931889533997
Brian ,Schatz,D,HI,-0.443,2024.0,X,114,38.0,14700.0,"As we celebrate our beautiful planet on #EarthDay, it’s important we remember what’s at stake. Climate change is the most dangerous threat Earth has ever faced—we’ve made progress thanks to the Inflation Reduction Act and the Infrastructure Law, but there’s still much work to do.",opportunity,risk,0.693300724029541,0,gratitude,0.7945075631141663
Brian ,Schatz,D,HI,-0.443,2024.0,X,37,9.0,1925.0,"Climate change is the biggest threat our planet has ever faced. It requires big, bold action that is equal to the moment. That’s why we passed the Inflation Reduction Act and the Infrastructure Law, which are continuing to deliver climate solutions that will help save our planet.",opportunity,opportunity,0.6632172465324402,1,approval,0.3125446140766144
Brian ,Schatz,D,HI,-0.443,2023.0,X,17,6.0,1923.0,"I’m joining at #COP28 to talk about our bipartisan FOREST Act, which will help drive down deforestation globally and fight climate change. Tune in:",opportunity,opportunity,0.5426995158195496,1,neutral,0.7410236597061157
Chris,Van Hollen,D,MD,-0.39,2024.0,X,40,11.0,3329.0,"As this report shows, every nation must double-down on efforts to fight the climate crisis. Here in the US, we need to pass my Polluters Pay Climate Fund Act to hold polluters accountable & secure more resources for this fight. This is no time to retreat.",opportunity,neutral,0.8144950866699219,0,neutral,0.43296730518341064
Chris,Van Hollen,D,MD,-0.39,2023.0,X,33,8.0,3171.0,The cost of climate change isn't theoretical. We’re already seeing the $$ pile up—from damage caused by extreme weather to the toll pollution takes on our health. That’s why we passed the Inflation Reduction Act & why we must take these threats seriously.,opportunity,risk,0.9824856519699096,0,neutral,0.40884336829185486
Chris,Van Hollen,D,MD,-0.39,2023.0,X,34,13.0,6387.0,"Fighting climate change and creating clean energy jobs go hand in hand. Thanks to POTUSand our work to pass the Inflation Reduction Act, we're tackling the climate crisis head-on — and growing the economy every step of the way.",opportunity,opportunity,0.7961905002593994,1,gratitude,0.9773823618888855
Chuck,Schumer,D,NY,-0.354,2024.0,X,20,6.0,2733.0,"Two years ago today, we made history. When the Inflation Reduction Act was signed into law, Democrats delivered the largest action against climate change ever, good-paying jobs and lower healthcare costs.",opportunity,opportunity,0.7709197402000427,1,neutral,0.23664483428001404
Chuck,Schumer,D,NY,-0.354,2022.0,X,34,11.0,,"The facts are undeniable: Climate change is real and only getting worse. On #EarthDay and every day, we will continue the fight for real action to tackle the climate crisis for good.",opportunity,neutral,0.6519737839698792,0,approval,0.6051750183105469
Chuck,Schumer,D,NY,-0.354,2024.0,X,393,173.0,42300.0,"Democrats are focused on tackling climate change and lowering energy costs. Project 2025, the Trump Plan, would gut our domestic clean energy investments, empower Big Oil and Gas polluters, and fire thousands and thousands of Americans from good-paying, clean energy jobs.",opportunity,neutral,0.5355432629585266,0,neutral,0.7020755410194397
Dan,Sullivan,R,AK,0.495,2024.0,X,30,12.0,2556.0,President Biden thinks climate change is the existential crisis of our time. I actually think it’s the dictators on the march around the globe. Biden’s LNG permitting freeze is a lose-lose on both counts.,risk,risk,0.8090282678604126,1,neutral,0.8045031428337097
Dan,Sullivan,R,AK,0.495,2023.0,X,44,18.0,6321.0,"What’s a higher priority for the U.S. Navy: warfighting & ship building or … climate change? Not exactly a brain-twister for most people, but for President Biden’s nominee to lead policy at the Pentagon—he was just stumped.",risk,neutral,0.7841938138008118,0,confusion,0.4801308512687683
Dan,Sullivan,R,AK,0.495,2024.0,X,44,17.0,5311.0,"President Biden focused his final address to the UN on climate change, while only mentioning Iran twice. If that’s not indicative of the misguided policy priorities of the Biden-Harris administration, I don’t know what is.",risk,neutral,0.8901548981666565,0,confusion,0.855323314666748
Dave ,McMcormick,R,PA,0.538,2024.0,X,47,20.0,7458.0,"The science is clear: climate change is happening, and human activity is one of many contributing factors. That should not be controversial. The key question is what to do about this reality.",opportunity,neutral,0.6170618534088135,0,approval,0.39860740303993225
Dave ,McMcormick,R,PA,0.538,2024.0,X,109,29.0,5707.0,"Through American innovation, we can make PA and our country energy superpowers while mitigating the risk of climate change. I’m a proud conservationist and will always be a good steward of our environment.",opportunity,opportunity,0.7650343775749207,1,admiration,0.7660420536994934
Dave ,McMcormick,R,PA,0.538,2024.0,X,125,45.0,6413.0,Nothing says out of touch like the US Army releasing its climate change strategy before its warfighting strategy. Americans deserve leaders laser focused on their safety at home and abroad — not far-left progressive ideology.,risk,neutral,0.8605000376701355,0,neutral,0.6639782190322876
Elissa,Slotkin,D,MI,-0.358,2021.0,X,33,13.0,,"On Friday, joined me in Mason and at to talk about how we can protect Michigan’s family farms, secure our food supply chains and make sure our farmers are equipped to combat climate change & stay competitive for generations to come.",opportunity,opportunity,0.7874873280525208,1,neutral,0.4694271683692932
Elissa,Slotkin,D,MI,-0.358,2018.0,X,193,102.0,,One piece that stood out during Sunday's debate: @RepMikeBishop's denial of man-made climate change. I believe we need to treat environmental security the way we treat homeland security. But we can't get serious about these issues if we don't acknowledge the facts at hand.,opportunity,neutral,0.547066867351532,0,neutral,0.5838175415992737
Elissa,Slotkin,D,MI,-0.358,2019.0,https://www.legistorm.com/stormfeed/view_rss/1304747/member/3316/title/statement-by-us-rep-elissa-slotkin-on-the-green-new-deal.html,,,,"As someone who helped author the first Pentagon study on the impact that climate change will have on the U.S military, I have long believed we need to bring a strong sense of urgency to the job of addressing this critical issue",opportunity,risk,0.5559910535812378,0,approval,0.4558747112751007
Elizabeth ,Warren,D,MA,-0.747,2024.0,X,399,142.0,49500.0,"The time to accelerate towards a clean energy future is now. My BUILD GREEN Act with will modernize our transportation system, create green union jobs, and safeguard against the dangerous effects of climate change. Congress should pass our bill.",opportunity,opportunity,0.63042813539505,1,optimism,0.3003292679786682
Elizabeth ,Warren,D,MA,-0.747,2019.0,X,14000,2500.0,,"If we want to live in a world with clean air and water, we have to take real action to combat climate change now. I'm proud to join on a #GreenNewDeal resolution to fight for our planet and our kids’ futures.",opportunity,opportunity,0.7291029691696167,1,pride,0.3782355487346649
Elizabeth ,Warren,D,MA,-0.747,2024.0,X,267,80.0,105100.0,"Climate change is an urgent threat, but it also offers a real opportunity: the chance to rebuild our economy with clean energy & create millions of good, union jobs in the process. is doing just that with this Green Bank — an idea I’ve fought hard for. This is a big win.",opportunity,opportunity,0.967985212802887,1,approval,0.5354083180427551
Eric,Schmitt,R,MO,0.97,2024.0,X,38,9.0,2850.0,Biden has prioritized a woke climate agenda at the cost of taxpayer dollars & American jobs.,risk,neutral,0.5527954697608948,0,neutral,0.8164631724357605
Eric,Schmitt,R,MO,0.97,2024.0,X,27,15.0,1880.0,"Divisive DEI policies are hurting military recruitment, and the military's insistence on focusing on ""climate change"" as an existential threat while China increases their shipbuilding capacity is ridiculous.",risk,risk,0.928183615207672,1,annoyance,0.5427317023277283
Eric,Schmitt,R,MO,0.97,2024.0,X,14,6.0,732.0,Biden is doubling down on this climate-alarmist agenda that is responsible for shipping jobs overseas and hollowing out the middle class.,risk,neutral,0.4874675571918487,0,neutral,0.8538292050361633
Jacky,Rosen,D,NV,-0.248,2023.0,X,29,12.0,2528.0,Nevadans know the impact climate change has had on our state – from extreme heat to deadly drought and wildfires. I'm proud to receive ’s Climate Change-Maker award for my leadership in combating the climate crisis and supporting our transition to clean energy.,opportunity,neutral,0.4815927445888519,0,admiration,0.43812841176986694
Jacky,Rosen,D,NV,-0.248,2024.0,X,18,5.0,2310.0,"The climate crisis has very real impacts in Nevada. I was proud to help secure the largest investment in U.S. history to combat climate change and support clean energy, but we can't stop there. We must keep taking action to protect our planet.",opportunity,opportunity,0.9435873031616212,1,pride,0.3113786578178406
Jacky,Rosen,D,NV,-0.248,2024.0,X,25,9.0,2028.0,"As Nevada continues to confront the climate crisis, it’s critical we invest in clean energy projects that reduce our emissions and lower costs for families. Proud to have secured nearly $1.8M for Nevada to fund local projects that increase energy efficiency and create jobs.",opportunity,opportunity,0.9850702285766602,1,pride,0.2767306864261627
Jeanne,Shaheen,D,NH,-0.239,2022.0,X,9,7.0,,We know climate change poses serious threats to our national security & military readiness. I'm pleased is taking important action to address the existential dangers of the climate crisis by releasing its first-ever climate strategy.,opportunity,risk,0.8821614980697632,0,approval,0.20376551151275635
Jeanne,Shaheen,D,NH,-0.239,2023.0,X,8,6.0,1334.0,"Climate change is a major threat to our economy, our environment & future generations. Inaction is not an option. We must build on the progress made last Congress to cut energy costs, reduce emissions & take bold steps to protect our planet.",opportunity,risk,0.4941032230854034,0,neutral,0.19739370048046112
Jeanne,Shaheen,D,NH,-0.239,2024.0,X,16,2.0,1710.0,"From lakes to mountains to forests, in New Hampshire, we’re lucky to be surrounded by so much natural beauty. On #EarthDay, we renew our commitment to protecting our environment for future generations and working to address the existential threat of climate change.",opportunity,opportunity,0.706989586353302,1,admiration,0.5860093832015991
Jeff,Merkley,D,OR,-0.358,2024.0,X,64,14.0,,"Congratulations on becoming Oregon’s 2025 Kid Governor, Rosie! Your focus on climate action is fantastic—it’s so critical that young people like you help us move toward a renewable energy future. Thank you for sharing your vision for our state!",opportunity,opportunity,0.9044795036315918,1,gratitude,0.9184940457344055
Jeff,Merkley,D,OR,-0.358,2024.0,X,125,53.0,17800.0,"I’ve pushed for a Climate Corps to create jobs while protecting our health, planet, and future—so it’s wonderful to see marking Earth Day this year with major investments in both the American Climate Corps and ’s Solar for All program! We need bold action on climate.",opportunity,opportunity,0.8898670673370361,1,admiration,0.6114200949668884
Jeff,Merkley,D,OR,-0.358,2019.0,X,1800,637.0,,That call is way wrong. Climate chaos is humanity’s biggest challenge. Either host a climate debate or get out of the way and let other groups do so!,opportunity,risk,0.8222349882125854,0,disapproval,0.7353329062461853
Jerry,Moran,R,KS,0.406,2022.0,X,,,,"Under the Biden administration, climate policy has been injected into the regulation of our financial system. As a result, the credibility and apolitical nature of our financial regulators is being steadily eroded.",risk,risk,0.9399913549423218,1,disappointment,0.49577945470809937
Jerry,Moran,R,KS,0.406,2022.0,X,,,,"Despite climate alarmists’ claim that physical risks from extreme weather events are a threat to financial stability, numerous studies over the past few decades — including those by FDIC and Federal Reserve staff — have found that extreme weather events do not have a significant negative impact on bank performance.",risk,risk,0.986804723739624,1,neutral,0.5735849142074585
Jerry,Moran,R,KS,0.406,2022.0,X,,,,the risk of future harm from policymakers not implementing a climate agenda to significantly curb greenhouse gas emissions — is nothing more than a political prediction.,risk,risk,0.96101713180542,1,neutral,0.7966150045394897
Jim,Banks,R,IN,0.538,2019.0,X,344,98.0,,"If the Left cared about ‘Climate Change’, they would: -have plan to curb China’s CO2 emissions -support nuclear energy & natural gas -unleash power of markets to invest in R&D Instead they make you late for work, ban plastic straws, want you to eat bugs and not have kids.",risk,neutral,0.7639532089233398,0,neutral,0.9245397448539734
Jim,Banks,R,IN,0.538,2022.0,X,196,36.0,,The Green New Deal is an existential threat!,neutral,risk,0.8594515323638916,0,fear,0.5389856100082397
Jim,Banks,R,IN,0.538,2021.0,X,304,166.0,,"Billions of $$ to fix “racist” roads/ bridges, free college to illegal immigrants, a climate change militia, small biz owners faced w/$700,000 fines, 87,000 new IRS agents. Just a few of the 42(!!) radical policies in the $3.5T spending bill.",risk,risk,0.6355172991752625,1,neutral,0.9486925601959229
Jim,Justice,R,WV,0.538,2022.0,https://governor.wv.gov/News/press-releases/2022/Pages/Governor-Justice-says-Biden-must-tap-into-West-Virginias-rich-natural-resources-to-make-America-energy-independent-again.aspx,,,,We have a colossal problem in this world right now. Energy has become weaponized.,risk,risk,0.7031216621398926,1,neutral,0.14915341138839722
Jim,Justice,R,WV,0.538,2022.0,https://governor.wv.gov/News/press-releases/2022/Pages/Governor-Justice-says-Biden-must-tap-into-West-Virginias-rich-natural-resources-to-make-America-energy-independent-again.aspx,,,,"Of course we want the most pristine waters and air. But in this day and time, all of the renewable forms of energy that we one day hope to embrace, right now they are just the parsley around the plate. The meat and potatoes are our gas, our oil, and our coal",neutral,opportunity,0.6186532974243164,0,desire,0.4719943404197693
Jim,Justice,R,WV,0.538,2022.0,https://governor.wv.gov/News/press-releases/2022/Pages/Governor-Justice-says-Biden-must-tap-into-West-Virginias-rich-natural-resources-to-make-America-energy-independent-again.aspx,,,,"God will give us time for the smart people of the world to solve the riddle. If there is truly climate change going on, He will give us time. But right now, there’s a madman on the loose who’s blowing up hospitals. We don’t have time to play games.",risk,neutral,0.5956909656524658,0,neutral,0.6529821157455444
Jim,Risch,R,ID,0.549,,https://www.risch.senate.gov/public/index.cfm/2024/3/risch-heinrich-introduce-legislation-to-accelerate-adoption-of-geothermal-energy,,,,"Idaho has long utilized the abundant natural geothermal resources just below its surface. With breakthrough technologies underway, there is great potential to scale up production of this clean, reliable energy. The GEO Act will streamline leasing and permitting processes, allowing the responsible and efficient development of traditional and enhanced geothermal resources on our public lands",opportunity,opportunity,0.9433433413505554,1,approval,0.3424958288669586
Jim,Risch,R,ID,0.549,,https://www.crapo.senate.gov/media/newsreleases/crapo-risch-block-sec-emissions-requirement-that-would-burden-farmers-and-ranchers,,,,Climate change activists in the Biden administration continue to put politics over people by forcing excessive emission requirements on industries already weighed down with a deluge of federal regulations. We must remain vigilant and safeguard Idahoans from the progressive climate agenda.,risk,risk,0.7976385354995728,1,neutral,0.35422489047050476
Jim,Risch,R,ID,0.549,2023.0,X,84,24.0,13100.0,China should not be America's role model. It's astounding a cabinet member would tout China's environmental policies when it pollutes more than all other developed nations combined. The US can achieve energy independence without communist policies.,risk,neutral,0.905153214931488,0,neutral,0.4627396762371063
John,Barraso,R,WY,0.538,2023.0,X,18,6.0,1522.0,"When it comes to climate change, the Chinese Communist Party is playing and the Biden administration for fools. China should NOT get free rides and special treatment through international climate agreements",risk,neutral,0.5260027647018433,0,neutral,0.5920268297195435
John,Barraso,R,WY,0.538,2021.0,X,19,6.0,,Returning to the Paris climate agreement will raise Americans’ energy costs and won’t solve climate change. The Biden administration will set unworkable targets for the United States while China and Russia can continue with business as usual.,risk,neutral,0.7558838129043579,0,neutral,0.6747149229049683
John,Barraso,R,WY,0.538,2021.0,X,21,6.0,,"The Paris Climate Agreement is built on the idea that America is the culprit. In reality, we are the leading driver of innovation to address climate change.",risk,opportunity,0.6766555905342102,0,neutral,0.5195581316947937
John,Curtis,R,UT,0.538,2024.0,X,37,7.0,3709.0,"Natural gas is an affordable, reliable and clean energy source. The irony of President Biden citing climate change to pause LNG exports, despite #natgas being the primary driver of domestic carbon reductions, is astounding. This decision hurts our allies in Europe, empowers China and Russia, and destroys American jobs. We have to make a decision; do we hate emissions? Or do we just hate fossil fuels.",neutral,neutral,0.5690247416496277,1,disappointment,0.4409220814704895
John,Curtis,R,UT,0.538,2020.0,X,84,26.0,,"For those learning about climate change or struggling to understand if we are contributing to it (we are), the question to ask is, ""Do I want to leave the earth better than I found it?"" ...which we can all agree on. But then what do we do? Stay tuned!",opportunity,neutral,0.9008642435073853,0,curiosity,0.35826021432876587
John,Curtis,R,UT,0.538,2019.0,X,303,96.0,,"Climate change is no laughing matter, but ' sock game definitely is. Thanks for the great chance to discuss how we can all be better stewards of the earth. #cleanairchallenge",opportunity,neutral,0.6365076899528503,0,gratitude,0.9745732545852661
John,Thune,R,SD,0.414,,X,372,139.0,20900.0,"It’s been two years since Democrats pushed through their Green New Deal legislation, the so-called “Inflation Reduction Act.” The climate law, made possible by VP Harris’ tie-breaking vote, has done nothing to reduce inflation, and it’s only added to the deficit.",neutral,neutral,0.7941513657569885,1,neutral,0.7729089856147766
John,Thune,R,SD,0.414,2019.0,X,1800,613.0,,The #GreenNewDeal is a socialist fantasy that would put the government in charge of everything from your health care to the way you heat your house.,risk,neutral,0.6849387884140015,0,neutral,0.8517460823059082
John,Thune,R,SD,0.414,2023.0,https://www.thune.senate.gov/public/index.cfm/environment,,,,"I have a deep appreciation for South Dakota’s clean air and water, and I support clean energy investments that help boost our economy – not cripple it.",opportunity,opportunity,0.8915640115737915,1,approval,0.6764973998069763
Lisa,Rochester,D,DE,-0.358,2023.0,X,47,12.0,2552.0,"Delawareans feel the impact of climate change every day. We need legislation that doesn’t force us backwards, but instead propels us forward towards a cleaner, safer & more sustainable planet. The Strategic Reduction Response Act will push us towards the exact opposite.",opportunity,neutral,0.7829446196556091,0,neutral,0.42577946186065674
Lisa,Rochester,D,DE,-0.358,2023.0,X,16,3.0,852.0,"The climate crisis is here, but I am hopeful for our future. Proud to see my alma mater helping address the need for climate change education in our school.",opportunity,opportunity,0.568973958492279,1,optimism,0.8809629082679749
Lisa,Rochester,D,DE,-0.358,2024.0,X,12,6.0,617.0,"My bipartisan & bicameral BEACH Act will help ensure our coastal ecosystems are prepared to face the impacts of the climate crisis. This week, the Senate passed it unanimously after the House did the same and now, it's on its way to",opportunity,neutral,0.6276594996452332,0,neutral,0.532230794429779
Mark ,Rubio,R,FL,0.616,2022.0,X,3100,977.0,,"While working Americans are struggling with high prices, worried about the border and terrorized by crime the Senate is spending all night voting on a democrat climate change bill",risk,risk,0.8129494786262512,1,neutral,0.5276263952255249
Mark ,Rubio,R,FL,0.616,2019.0,X,566,199.0,,"Climate change is causing real problems. Real problems deserve real solutions. Many of the proposed 'fixes' for climate change are unrealistic & dangerous. We should choose ‘adaptive solutions' instead,",opportunity,risk,0.8772739768028259,0,approval,0.252171128988266
Mark ,Rubio,R,FL,0.616,2024.0,X,29,8.0,2079.0,"The Biden Administration amplifies support from a Marxist group, which has caused traffic mayhem for hardworking Americans in the name of climate change.",risk,risk,0.8134750723838806,1,neutral,0.7526545524597168
Mark,Warner,D,VA,-0.207,2024.0,X,77,18.0,11600.0,"When we negotiated the infrastructure law, we made sure to plan for the next generation of concerns. As climate change makes severe weather worse, we’re gearing up to make simultaneous investments so that our roads, bridges, and ports are ready for the next decade of storms.",opportunity,risk,0.9580897092819214,0,neutral,0.43477505445480347
Mark,Warner,D,VA,-0.207,2022.0,X,184,34.0,,"Lowering costs, expanding access to high-quality health care, and addressing climate change. We have the potential to pass a historic bill next week. I’m looking forward to voting on the Inflation Reduction Act.",opportunity,neutral,0.7013401985168457,0,optimism,0.7563048601150513
Mark,Warner,D,VA,-0.207,2023.0,X,34,15.0,13700.0,"Glad to see the launch of this program to mobilize young people against one of the most pressing issues of our time – climate change. I’m particularly glad that Virginia will be represented by Sophia Kianni, a Vienna, Virginia native!",opportunity,opportunity,0.8420571088790894,1,joy,0.7438486218452454
Mike,Rounds,R,SD,0.347,2022.0,X,40,18.0,,Vladimir Putin is the enemy. We cannot continue to fund his war efforts. The Biden administration needs to stop worshiping at the altar of climate change. We must do everything in our power to produce more American energy.,risk,neutral,0.5930564999580383,0,neutral,0.4558238387107849
Mike,Rounds,R,SD,0.347,2020.0,X,18,6.0,,Our farmers and ranchers have wrongfully been attacked from the left as being responsible for climate change. They should instead be commended for their part in feeding the world.,neutral,risk,0.5914595723152161,0,neutral,0.28892016410827637
Mike,Rounds,R,SD,0.347,2019.0,X,7,2.0,,"The worst part is, the agreement won’t even have a tangible effect on the environment. Withdrawing from the Paris Climate Agreement is the right move. I wrote about the misguided agreement back in 2017-check it out here:",risk,neutral,0.6858642101287842,0,approval,0.30106937885284424
Pete,Ricketts,R,NE,0.438,2024.0,X,13,2.0,1941.0,The Biden administration's extreme climate policies are hurting ag producers. Farmers are the original conservationists – they don't need bureaucrats dictating how they care for their land. I will continue fighting against these senseless policies.,risk,risk,0.5986101031303406,1,disapproval,0.24406088888645172
Pete,Ricketts,R,NE,0.438,2023.0,X,8,0.0,,"Great to see the pavillion and Oceans Pavilion for a second year in a row. Let’s hope for strong actions to address the global climate change crisis, including ocean sustainability.",opportunity,opportunity,0.824565052986145,1,optimism,0.9077159762382507
Pete,Ricketts,R,NE,0.438,2023.0,X,2,0.0,197.0,My second presentation at WCO 2023 was on progress in integrating oceans into the UN climate change process. I was able to promote the great work of the Global Ocean Forum (and other ocean initiatives) and the legacy of Biliana Cicin-Sain.,opportunity,neutral,0.6915311217308044,0,neutral,0.5653030872344971
Peter,Welch,D,VT,-0.407,2024.0,X,20,4.0,1287.0,"Climate change is altering Vermont’s communities. We need more resources in the short term to help us recover from flooding, and bolder climate action in the long term to slow the impacts of climate change.",opportunity,risk,0.9487025141716005,0,desire,0.6383419036865234
Peter,Welch,D,VT,-0.407,2024.0,X,4,1.0,656.0,"Climate change is an existential threat, and we have to be innovative to combat its negative impacts. That's why I'm introducing the AIDE Act with , which will support research to harness the power of AI to improve energy efficiency",opportunity,opportunity,0.7103605270385742,1,approval,0.3127952814102173
Peter,Welch,D,VT,-0.407,2024.0,X,9,2.0,1099.0,Big oil and gas companies are exacerbating the devastating effects of climate change. I joined and other environmental leaders to demand the largest polluters pay for their role in harming Vermonters and those around the world.,opportunity,risk,0.6491122841835022,0,neutral,0.3738785982131958
Raphael,Warnock,D,GA,-0.409,2022.0,X,402,104.0,,We can fight climate change AND keep our economy competitive. That's why I'm fighting for clean energy jobs in Georgia!,opportunity,opportunity,0.8125538229942322,1,desire,0.5299800634384155
Raphael,Warnock,D,GA,-0.409,2020.0,X,7300,1700.0,,"When it comes to addressing climate change, ecological disaster, and environmental justice, we should be the headlight, not the tail light.",opportunity,neutral,0.8779975175857544,0,neutral,0.7747983336448669
Raphael,Warnock,D,GA,-0.409,2021.0,X,1000,238.0,,"On #EarthDay, let us recommit ourselves to addressing the existential threat that is climate change. From floods to coastal erosion & more, we’re already bearing the cost of this coming crisis. But together, with bold action, we can build a stronger economy and a safe country.",opportunity,risk,0.882729709148407,0,optimism,0.40436965227127075
Rick,Scott,R,FL,0.716,2022.0,X,43,19.0,,"Banks should be aware of climate-associated risk, but that's not what this is about. It's a scare tactic to force banks to dump investments in fossil fuels & industries that don’t fit with 's Green New Deal fantasy. Biden's war on U.S. energy is crushing families.",risk,risk,0.923482060432434,1,neutral,0.6773920655250549
Rick,Scott,R,FL,0.716,,https://www.cleanenergy.org/blog/candidate-rick-scott-on-climate-energy/,,,,"The weather is always changing. We take climate change seriously, but not hysterically. We will not adopt nutty policies that harm our economy or our jobs",risk,risk,0.9433260560035706,1,approval,0.35880133509635925
Rick,Scott,R,FL,0.716,,https://www.cleanenergy.org/blog/candidate-rick-scott-on-climate-energy/,,,,"Who knows what the reason is, but something is changing. Massive storms. Massive storm surge. So we’ve got to figure this out.",neutral,risk,0.9350103735923768,0,confusion,0.5481385588645935
Roger ,Wicker,R,MS,0.38,2023.0,X,31,10.0,4116.0,"In the most dangerous moment since World War II, our defense and intelligence community should be focused on deterring threats, not pursuing a divisive “green agenda.”",risk,risk,0.5442213416099548,1,neutral,0.2537148892879486
Roger ,Wicker,R,MS,0.38,2022.0,X,10,2.0,,"must end his war on American energy. If we do not unleash the strength of this sector by reopening the Keystone Pipeline, reversing drilling bans, and exiting the Paris Climate Agreement, we will no longer be a net energy exporter.",risk,neutral,0.5496763586997986,0,neutral,0.7489334344863892
Roger ,Wicker,R,MS,0.38,2023.0,X,13,5.0,4132.0,"With its so-called ‘Good Neighbor’ rule, the EPA has decided to discard years of good-faith efforts by states to address emissions concerns, which will have severe impacts on Mississippi. I am working with the to overturn it.",neutral,neutral,0.6098819375038147,1,neutral,0.7855213284492493
Ron,Wyden,D,OR,-0.317,2019.0,X,238,105.0,,"Climate change is real, it's here, it's happening. To kick the carbon habit, Congress must start with transforming the tax code to support clean, renewable energy. Not the dirty relics of yesteryear. That's the case I made today.",opportunity,neutral,0.5933118462562561,0,approval,0.5677576661109924
Ron,Wyden,D,OR,-0.317,2019.0,X,160,49.0,,"Climate change isn’t some distant threat. It’s here, and it’s happening now. Here are just some of the #ClimateCosts we’re facing: Bigger, hotter forest fires More severe weather patterns Flooding Rising sea levels",opportunity,risk,0.962069034576416,0,neutral,0.8420422077178955
Ron,Wyden,D,OR,-0.317,2021.0,X,324,110.0,,It’s not going to be easy to address the climate crisis. But here’s what’s certain beyond a shadow of a doubt: the cost of doing nothing is trillions more than the cost of a clean energy future.,opportunity,neutral,0.5029801726341248,0,disapproval,0.3965173661708832
Ruben,Gallego,D,AZ,-0.358,2017.0,X,37,16.0,,Strong action on climate change produces real benefits for our environment & economy. Walking away from the #Paris agreement is a mistake.,opportunity,neutral,0.7609670162200928,0,disapproval,0.3324226438999176
Ruben,Gallego,D,AZ,-0.358,2022.0,X,125,27.0,,"Every day we are content with inaction, the effects of climate change only get more extreme. Russia's war has only highlighted the economic consequences of a reliance on fossil fuels. Long-term climate change legislation can save our future & make us a more independent economy.",opportunity,risk,0.9353302121162416,0,optimism,0.41088956594467163
Ruben,Gallego,D,AZ,-0.358,2023.0,X,164,38.0,9472.0,"Proud to have received a 95% score on ' 2022 National Environmental Scorecard! For our kids, I will always fight for action on the climate crisis. We must protect Arizona’s water and create good-paying union jobs while doing it.",opportunity,opportunity,0.5270159840583801,1,admiration,0.32695668935775757
Sheldon,Whitehouse,D,RI,-0.356,2024.0,X,159,62.0,7439.0,"People start to realize that climate change is here and now, and dangerous, and headed for a punch in the face to our economy.",opportunity,risk,0.9654163718223572,0,realization,0.7040653228759766
Sheldon,Whitehouse,D,RI,-0.356,2024.0,X,17,12.0,1428.0,Nutshell: 85% of 16-25-year-olds worry about climate change; 58% very or extremely worried; 43% report impact on mental health; 73% said likely to vote for candidates who support aggressive climate policy. Yet we still dawdle.,opportunity,risk,0.5236638188362122,0,neutral,0.57901930809021
Sheldon,Whitehouse,D,RI,-0.356,2024.0,X,2000,977.0,50200.0,"If we allow climate change to go unchecked, it will ravage our global economy.",opportunity,risk,0.9679952263832092,0,annoyance,0.24989090859889984
Susan ,Collins,R,ME,0.118,2017.0,X,3000,1300.0,,Climate change requires a global approach. I'm disappointed in the President's decision to withdraw from the Paris Agreement #mepolitics,opportunity,neutral,0.7514309287071228,0,disappointment,0.8427218198776245
Susan ,Collins,R,ME,0.118,2018.0,X,2000,1400.0,,"We can't ignore the impact of climate change on our public health, environment, & economy. This should cause all of us, including the Administration, to take a harder look at the consequences of inaction & use what is known about risks to inform policy.",opportunity,risk,0.9648975729942322,0,neutral,0.38215896487236023
Susan ,Collins,R,ME,0.118,2019.0,X,202,62.0,,"Climate change threatens Maine’s natural resources & economy, including our forestry, fishing, agricultural, & tourism industries. We must transcend geographical and partisan lines to address this challenge. Thank you for your support of this bipartisan bill.",opportunity,risk,0.7273226976394653,0,gratitude,0.9834602475166321
Thom,Tillis,R,NC,0.388,2018.0,X,512,218.0,,"The 4th National Climate Assessment report serves as a glaring reminder of the long-term risks of climate change. Both parties need to work together to deploy an innovative, market-driven strategy to combat the impacts of climate change.",opportunity,risk,0.9200488328933716,0,neutral,0.49003973603248596
Thom,Tillis,R,NC,0.388,2020.0,X,59,31.0,,"As we work together to rebuild our post-pandemic economy, we can grow clean energy jobs, promote American innovation, and continue to lead on driving down our carbon emissions. #CleanEnergyChampions",opportunity,opportunity,0.9218955636024476,1,approval,0.4033322036266327
Thom,Tillis,R,NC,0.388,,https://www.tillis.senate.gov/climate-change,,,,Thom believes a key to this effort will be addressing climate change through market-based solutions that foster innovation and drive economic growth.,opportunity,opportunity,0.968471109867096,1,approval,0.4223637878894806
Tim,Scott,R,SC,0.696,2023.0,X,641,128.0,27200.0,"Democrats like to say that climate change is an existential threat to low-income Americans. Having grown up in poverty, I’d argue their radical energy policies are the real danger. Americans deserve affordable and reliable energy. It’s that simple.",risk,risk,0.7525703310966492,1,neutral,0.43819454312324524
Tim,Scott,R,SC,0.696,2024.0,X,562,103.0,38200.0,The Biden administration considers climate change the existential threat of our time. How about terrorists entering and roaming our country freely without consequences?,risk,risk,0.8731518387794495,1,curiosity,0.5764603018760681
Tim,Scott,R,SC,0.696,2023.0,X,330,71.0,26700.0,Bidenomics pushes a radical climate agenda at the expense of hardworking Americans. Our country needs a change.,risk,neutral,0.6440334916114807,0,neutral,0.3825860619544983
Tim,Sheehy,R,MT,,2023.0,X,50,11.0,2890.0,The latest example of a liberal activist judge trying to legislate radical Green New Deal disastrous policies from the bench. We must fight back and take a strong stand against the climate cult and their job-killing agenda.,risk,risk,0.5298468470573425,1,neutral,0.31230831146240234
Tim,Sheehy,R,MT,,,,,,,,,neutral,0.3719032406806946,0,,
Tim,Sheehy,R,MT,,,,,,,,,neutral,0.3719032406806946,0,,
Tina,Smith,D,MN,-0.396,2024.0,X,589,98.0,27200.0,"Climate change isn’t just a coastal problem – our Great Lakes are at risk too. But we aren’t hopeless. The clean energy transition is coming, and Minnesota is going to lead the way.",opportunity,risk,0.8806425333023071,0,neutral,0.44560807943344116
Tina,Smith,D,MN,-0.396,2021.0,X,2400,531.0,,"Let’s be clear: the Build Back Better budget must meaningfully address climate change. I’m open to different approaches, but I cannot support a bill that won’t get us where we need to be on emissions. There are 50 Democratic senators. Every one of us is needed get this passed.",opportunity,neutral,0.855498194694519,0,disapproval,0.6535013914108276
Tina,Smith,D,MN,-0.396,2023.0,X,78,23.0,12500.0,One of my Republican colleagues said climate change is ‘beneficial’ because it’ll be less cold in parts of the country. Complete bull.,opportunity,opportunity,0.5020898580551147,1,neutral,0.7904605269432068
Todd,Young,R,IN,0.483,,https://www.young.senate.gov/newsroom/press-releases/young-and-braun-join-bipartisan-climate-legislation-to-support-global-trillion-trees-initiative/,,,,"I have long held the position that we can protect our environment without harming our economy, and this legislation is one example of the type of action we can take to reduce emissions and protect our natural resources while creating new economic opportunities",opportunity,opportunity,0.8532351851463318,1,approval,0.6385578513145447
Todd,Young,R,IN,0.483,,,,,,,,neutral,0.3719032406806946,0,,
Todd,Young,R,IN,0.483,,,,,,,,neutral,0.3719032406806946,0,,
Tommy,Tuberville,R,AL,0.936,2024.0,X,47,10.0,1720.0,The Biden-Harris admin has prioritized climate change activists over the American people time and time again. We should be cutting burdensome government red tape and supporting fossil fuel energy production to keep prices LOW and capacity HIGH.,risk,neutral,0.7727299332618713,0,neutral,0.675338089466095
Tommy,Tuberville,R,AL,0.936,2024.0,X,483,162.0,12900.0,"This clown is blaming the problems farmers are facing on “climate change.” Farmers are struggling because of high input costs, low commodity prices, and over regulation CAUSED BY DEMOCRATS. Look in the mirror.",risk,risk,0.9506696462631226,1,neutral,0.7061434984207153
Tommy,Tuberville,R,AL,0.936,2024.0,X,194,40.0,6422.0,Senate Democrats care more about climate change and welfare than helping our farmers. We will never get a Farm Bill done with this mindset.,risk,neutral,0.7305220365524292,0,neutral,0.6089935898780823
Tommy,Cotton,R,AR,0.652,2023.0,X,621,143.0,34400.0,Absolutely pathetic. The CCP knows how to play the climate change card to fool gullible liberals.,risk,risk,0.5882614850997925,1,sadness,0.46908828616142273
Tommy,Cotton,R,AR,0.652,2021.0,X,189,41.0,,Solve climate change to stop the border crisis? Better idea: secure the border.,risk,neutral,0.4705299437046051,0,curiosity,0.3841741979122162
Tommy,Cotton,R,AR,0.652,2021.0,X,2800,976.0,,"To John Kerry, global warming is an existential threat that means hundreds of thousands of Americans must lose their jobs. But it's not quite serious enough to put away his private jets. What a fraud.",risk,risk,0.9360860586166382,1,annoyance,0.5497022271156311
Ben,Lujan,D,NM,-0.367,2019.0,X,58,16.0,,"As we address our climate crisis, we must listen to those who will be impacted most. Today, I was honored to speak with Harlan Quintana, a student from the Santa Fe Indian School, about how climate change impacts his community.",opportunity,neutral,0.5567584037780762,0,joy,0.3115493059158325
Ben,Lujan,D,NM,-0.367,2019.0,X,21,15.0,,"Climate change is here, and it’s threatening the security of our nation. We must take action, which is why I’m proud to introduce legislation with to move the U.S. to net-zero emissions and combat the climate crisis.",opportunity,neutral,0.6607825756072998,0,approval,0.21348030865192413
Ben,Lujan,D,NM,-0.367,2022.0,X,137,36.0,,New Mexicans and all Americans know the impacts of climate change because they deal with them everyday. It's why I won’t stop fighting to pass meaningful climate action legislation.,opportunity,neutral,0.5544455647468567,0,neutral,0.31743767857551575
Cynthia,Lummis,R,WY,0.675,2023.0,X,38,3.0,2450.0,"You should be FREE to vote with your feet / $$$. A fear of free markets, sound money, and a distrust of Americans is fueling this. In this case, climate change is merely the excuse to increase control over consumer behavior via taxation.",risk,neutral,0.530463457107544,0,neutral,0.7755672335624695
Cynthia,Lummis,R,WY,0.675,2024.0,X,393,33.0,35500.0,"When climate extremists came to our doorstep, Wyoming slammed the door. It is clear Green New Deal energy policies aren’t welcome in the Cowboy State.",risk,neutral,0.6910615563392639,0,disapproval,0.5894688367843628
Cynthia,Lummis,R,WY,0.675,2024.0,X,452,57.0,11800.0,"Friendly reminder: the Biden-Harris administration has launched a full-scale assault on American energy, costing members of Wyoming’s energy industry their jobs and forcing Wyoming families to pay more at the pump all in the name of appealing to its radical climate change base.",risk,risk,0.7272738814353943,1,neutral,0.8572621941566467
Edward,Markey,D,MA,-0.503,2024.0,X,109,37.0,5411.0,"and I are at COP29 because just like climate change won’t be solved by any one president, climate action won’t be stopped by any one president. We have to keep fighting for bold climate action on a global scale.",opportunity,neutral,0.7704256772994995,0,neutral,0.43653619289398193
Edward,Markey,D,MA,-0.503,2024.0,X,26,5.0,2243.0,"It was an honor to meet with , Australia’s minister for climate change and energy. Our efforts to innovate and collaborate on climate action won’t stop—we're working together across the planet to protect it.",opportunity,opportunity,0.575382649898529,1,admiration,0.3886476457118988
Edward,Markey,D,MA,-0.503,2024.0,X,17,3.0,3760.0,Trump denies climate change but he can’t deny the Inflation Reduction Act is a massive job creator and money saver in red and blue states.,opportunity,neutral,0.6597276329994202,0,neutral,0.8000825643539429
