first,last,party,state,ideology_score,year,source,likes,shares,views,message,independent_label,sentiment,LogisticRegression_predictions,ForestClassifier_predictions,NaiveBayes_predictions,LinearSVM_predictions,KNNClassifier_predictions,LogisticRegression_predictions,ForestClassifier_predictions,NaiveBayes_predictions,LinearSVM_predictions,KNNClassifier_predictions,model_labelling
Alex,Padilla,D,CA,-0.375,2023.0,X,104,28.0,4756.0,climate change isnt harming health planetits hurting nation infrastructure joined discus need invest climate resilient system,opportunity,1,1,-1,1,1,-1,1,-1,1,1,-1,1
Alex,Padilla,D,CA,-0.375,2024.0,X,68,33.0,8176.0,news billion dollar epa headed ca port build zeroemission infrastructure historic funding huge step forward addressing climate change improving air quality,opportunity,1,1,1,1,1,1,1,1,1,1,1,1
Alex,Padilla,D,CA,-0.375,2023.0,X,92,20.0,6516.0,hottest year record earth science clear cant wait act climate change time clean energy transition clean job curbing greenhouse gas emission,opportunity,1,1,1,1,1,1,1,1,1,1,1,1
Amy,Klobuchar,D,MN,-0.283,2023.0,X,18,9.0,3985.0,climate crisis happening need confront sense urgency community historically disenfranchised likely experience disproportionate share effect climate change environmental disaster,opportunity,1,1,1,1,1,1,1,1,1,1,1,1
Amy,Klobuchar,D,MN,-0.283,2022.0,X,1600,269.0,,climate change isnt happening sometime futureits happening meet moment invest clean energy pave way carbon neutral economy time pas inflation reduction act,opportunity,1,-1,1,-1,1,-1,-1,1,-1,1,-1,-1
Amy,Klobuchar,D,MN,-0.283,2021.0,X,510,96.0,,cant ignore climate change existential threat time,risk,-1,1,1,1,1,1,1,1,1,1,1,1
Angus,King,I,ME,-0.164,2024.0,X,11,4.0,2233.0,violent weather climate change done serious damage coastal community economy thank bringing maine leader together discus best support working waterfront,opportunity,1,1,1,1,1,1,1,1,1,1,1,1
Angus,King,I,ME,-0.164,2024.0,X,179,66.0,23200.0,climate change isnt theory maine reality dealing constantly massive storm seeing underscore urgency confronting one way getting fossil fuel electrifying economy cant fiddle planet burn,opportunity,1,-1,-1,-1,-1,-1,-1,-1,-1,-1,-1,-1
Angus,King,I,ME,-0.164,2020.0,X,72,30.0,,maine climate action plan spell threat climate change pose maine lay respond stellar work team let work together confront challenge preserve planet next generation,opportunity,1,1,1,1,1,1,1,1,1,1,1,1
Catherine,Cortez Masto,D,NV,-0.36,2022.0,X,9,3.0,,im fighting tribal community nevada making sure support need build resilient infrastructure address impact climate change,opportunity,1,1,1,1,1,1,1,1,1,1,1,1
Catherine,Cortez Masto,D,NV,-0.36,2022.0,X,252,51.0,,last week introduced bill boost solar manufacturing industry create goodpaying clean energy job nevadan help continue fight climate change,opportunity,1,1,1,1,1,-1,1,1,1,1,-1,1
Catherine,Cortez Masto,D,NV,-0.36,2022.0,X,16,6.0,,nevada sits frontlines climate crisis sen fighting action planet need delivering community proud endorse work securing billion prevent fight wildfire protecting state public land,opportunity,1,1,1,1,1,1,1,1,1,1,1,1
Chris,Coons,D,DE,-0.233,2024.0,X,6,4.0,1370.0,climate change making flooding dangerous many part nation including delaware community become prone climate disaster must prioritize building floodresistant infrastructure,opportunity,1,1,1,1,1,1,1,1,1,1,1,1
Chris,Coons,D,DE,-0.233,2024.0,X,47,30.0,6716.0,extreme heat driven climate change killing american inflation reduction act biggest climate investment world climate change adapt current effectscongress need continue developing policy mitigate,opportunity,1,-1,-1,-1,-1,-1,-1,-1,-1,-1,-1,-1
Chris,Coons,D,DE,-0.233,2024.0,X,56,12.0,8227.0,bill nye know science kamala harris climate change one biggest challenge face need leader who prepared act,opportunity,1,1,1,1,1,1,1,1,1,1,1,1
Chris,Murphy,D,CT,-0.315,2020.0,X,49000,10000.0,,year nearly heart attack saw exit poll iowa saying health care number one issue climate change moan like house fire people care renovation,opportunity,1,1,-1,-1,-1,-1,1,-1,-1,-1,-1,-1
Chris,Murphy,D,CT,-0.315,2021.0,X,34000,3800.0,,kid dont understand work anything climate change anything else matter dont fix wonder,opportunity,1,-1,-1,-1,-1,-1,-1,-1,-1,-1,-1,-1
Chris,Murphy,D,CT,-0.315,2024.0,X,224,38.0,21300.0,climate change really disrupts northeastern winter economy walk today met chris run snow plow repair business snow repair he third generation entrepreneur franklin adapts customizes rehabs vintage jeep,opportunity,1,1,1,-1,1,-1,1,1,-1,1,-1,1
Chuck,Grassley,R,IA,0.341,2021.0,X,379,135.0,,pres biden promised fight climate change good paying job cant outsourced mention american biofuels lead world lowcarbon biofuels supporting rural job green revenue farmer program hv car electric cut ethanol job ia,neutral,0,-1,-1,-1,-1,-1,-1,-1,-1,-1,-1,-1
Chuck,Grassley,R,IA,0.341,2024.0,X,58,8.0,12400.0,natl debt inflation interest rate govt must get backbasics wrk solution thatll lead fiscal crisis good start wld budget cmte working fiscal policy environment cmte dealing climate change demled budget cmte th hrg climate day,neutral,0,1,1,-1,1,1,1,1,-1,1,1,1
Chuck,Grassley,R,IA,0.341,2024.0,X,208,40.0,29800.0,thx friend terry branstad testifying senate budget cmte im top republican day hearing branstad brought reality debate climate change,neutral,0,1,1,-1,1,-1,1,1,-1,1,-1,1
Cindy,Hyde-Smith,R,MS,0.45,2024.0,X,12,6.0,1131.0,dems forced climate change bill said hardworking middleclass family would end paying price tax increase energy producer,risk,-1,-1,-1,-1,-1,-1,-1,-1,-1,-1,-1,-1
Cindy,Hyde-Smith,R,MS,0.45,2024.0,X,6,5.0,736.0,biden admin cant get enough extreme regulation working appease extreme climate activist,neutral,0,-1,-1,-1,-1,-1,-1,-1,-1,-1,-1,-1
Cindy,Hyde-Smith,R,MS,0.45,2023.0,X,12,2.0,1314.0,demand climate activist carbon tax one weapon american worker industry tax regressive stifle growth innovation carbon tax would different stress fact resolution,risk,-1,-1,-1,-1,-1,-1,-1,-1,-1,-1,-1,-1
Cory,Booker,D,NJ,-0.572,2024.0,X,93,26.0,8843.0,bidenharris administration made unprecedented advancement combatting climate change creating clean energy economy creating clean energy job four year,opportunity,1,1,1,1,1,1,1,1,1,1,1,1
Cory,Booker,D,NJ,-0.572,2023.0,X,416,99.0,44300.0,effect climate change know border threatens vividly demonstrated week hazardous wildfire smoke thats affecting northeastern severe pattern within global crisis growing,opportunity,1,-1,1,-1,1,-1,-1,1,-1,1,-1,-1
Cory,Booker,D,NJ,-0.572,2019.0,X,4600,898.0,,first question asked iowa hard truth climate change imperiled planetits going take bold action save including dramatic investment green energy create job future,opportunity,1,1,1,1,1,1,1,1,1,1,1,1
Deb,Fischer,R,NE,0.464,2024.0,X,66,27.0,4153.0,bidenharris administration progressive policy putting broadband buildout back burner prioritizing dei climate activism infrastructure senator thune sent broadband czar harris letter outlining concern,neutral,0,1,-1,-1,1,-1,1,-1,-1,1,-1,-1
Deb,Fischer,R,NE,0.464,2024.0,X,9,3.0,1244.0,climate party talk big game future planet present farm bill negotiation continue month month democrat want neglect producer need favor activist program,neutral,0,1,-1,-1,1,-1,1,-1,-1,1,-1,-1
Deb,Fischer,R,NE,0.464,2024.0,X,10,2.0,1203.0,usda problem searching high low justify billion climate fundingbut come funding critically important report producer agency somehow run resource,neutral,0,-1,-1,-1,-1,-1,-1,-1,-1,-1,-1,-1
Dick,Durbin,D,IL,-0.37,2024.0,X,33,10.0,17300.0,great join unveiling chicago institute climate sustainable growth today addressing climate crisis mean inspiring young leader break siloes science policy program,opportunity,1,1,1,1,1,-1,1,1,1,1,-1,1
Dick,Durbin,D,IL,-0.37,2021.0,X,38,10.0,,climate action opportunity cleaner future also unprecedented opportunity invest equitable sustainable economy working people illinois around country going get done,opportunity,1,1,1,1,1,1,1,1,1,1,1,1
Dick,Durbin,D,IL,-0.37,2024.0,X,70,28.0,6553.0,long supported effort fight climate crisis including creation climate corp modeled fdr civilian conservation corp improve america public land forest park glad see potus announce american apply,opportunity,1,1,-1,1,1,1,1,-1,1,1,1,1
Gary,Peters,D,MI,-0.233,2017.0,X,119,48.0,,america global leader tackling climate change good environment economy national security,opportunity,1,1,1,1,1,1,1,1,1,1,1,1
Gary,Peters,D,MI,-0.233,2019.0,X,1.1k,243.0,,didnt get time travel specific great conversation chris evans importance bipartisanship protecting net neutrality addressing climate change,opportunity,1,1,1,1,1,1,1,1,1,1,1,1
Gary,Peters,D,MI,-0.233,2019.0,X,136,49.0,,two year ago president trump withdrew paris agreement since climate change continued warm great lake faster region cause flood damage day extreme heat harm fishing tourism ag industry,opportunity,1,1,-1,1,1,-1,1,-1,1,1,-1,1
Jack,Reed,D,RI,-0.394,2024.0,X,11,2.0,1018.0,coastal community front line climate change week asked admin criswell surging federal funding ri deal increasing impact storm flooding severe weather event,opportunity,1,1,1,1,1,1,1,1,1,1,1,1
Jack,Reed,D,RI,-0.394,2024.0,X,20,6.0,2229.0,joined timely discussion health effect climate change researcher scientist across ri ill continue supporting work ensure best positioned keep community safe healthy,opportunity,1,1,1,-1,1,1,1,1,-1,1,1,1
Jack,Reed,D,RI,-0.394,2024.0,X,88,30.0,,climate change impact especially ocean state great meet dedicated group riers taking part hill day advocate climate action protect public health environment economy,opportunity,1,1,1,1,1,1,1,1,1,1,1,1
James,Lankford,R,OK,0.567,2024.0,X,31,8.0,3061.0,biden admins climate overreach controlgoing stove car dishwasher voted block rule controlling heat home price already sky high oklahoman dont want spending paycheck brand new green furnace,risk,-1,-1,-1,-1,-1,-1,-1,-1,-1,-1,-1,-1
James,Lankford,R,OK,0.567,2024.0,X,55,18.0,13200.0,biden admins decision pause natural gas export win climate activist put american family last pushing back,risk,-1,-1,-1,-1,-1,-1,-1,-1,-1,-1,-1,-1
James,Lankford,R,OK,0.567,2022.0,https://www.lankford.senate.gov/news/press-releases/lankford-moves-to-stop-the-flawed-social-cost-of-carbon-from-driving-energy-regulations/,,,,oklahoman want clean air land water social cost carbon created without transparency public industry impact basis reality,neutral,0,1,-1,1,1,1,1,-1,1,1,1,1
Jeff,Merkley,D,OR,-0.446,2019.0,X,414,93.0,,senator representative local elected official arent talking climate change crisis facechange conversation getting along get along longer option,opportunity,1,-1,-1,-1,-1,1,-1,-1,-1,-1,1,-1
Jeff,Merkley,D,OR,-0.446,2024.0,X,98,25.0,7875.0,work together address climate chaos must make sure folk oregon across country resource need deal impactsincluding deadly heatthat already feeling,opportunity,1,1,-1,-1,1,-1,1,-1,-1,1,-1,-1
Jeff,Merkley,D,OR,-0.446,2024.0,X,120,39.0,16200.0,build clean energy future right america creating goodpaying job protecting planet wrote good job st century energy act fought get structure bill inflation reduction act progress people,opportunity,1,-1,1,-1,1,-1,-1,1,-1,1,-1,-1
Jeff,Merkley,D,OR,-0.446,2023.0,X,124,76.0,7735.0,bottom line take little percent gas leak make natural gas big driver climate change coal study found every fossil gas system leak fossil methane gas climate killer climate solution,opportunity,1,-1,-1,-1,-1,-1,-1,-1,-1,-1,-1,-1
Joni,Ernst,R,IA,0.535,2024.0,X,36,11.0,2556.0,instead reducing trillion regulatory burden sbagov expanding program providing loan reduce climate change admin talk creating opportunity economy opportunity radical climate group real polluter china,risk,-1,-1,-1,-1,-1,-1,-1,-1,-1,-1,-1,-1
Joni,Ernst,R,IA,0.535,2023.0,X,10,3.0,1732.0,biden belief climate change ultimate threat humanity take threat posed american iranbacked terrorist chinese aggression seriously,risk,-1,-1,-1,-1,-1,-1,-1,-1,-1,-1,-1,-1
Joni,Ernst,R,IA,0.535,2024.0,X,408,36.0,23300.0,goodbye green new deal nonsense hello affordable gas,risk,-1,-1,-1,-1,-1,-1,-1,-1,-1,-1,-1,-1
John,Boozman,R,AR,0.405,2024.0,X,7,3.0,1060.0,amid another backdoor attempt enforce radical climate policy cant pas congress clearly cra block itharmful consequence economy american worker ive joined,risk,-1,-1,-1,-1,-1,-1,-1,-1,-1,-1,-1,-1
John,Boozman,R,AR,0.405,2024.0,X,4,,1477.0,biden administration continues use federal rulemaking process impose extreme climate agenda american family time fuel economy standard targeting gaspowered car truck colleague demanding abandon radical policy,risk,-1,-1,-1,-1,-1,-1,-1,-1,-1,-1,-1,-1
John,Boozman,R,AR,0.405,2024.0,X,7,4.0,2010.0,biden administration rejected common sense pursuit extreme climate agenda latest overburdensome unattainable air quality regulation epa undermining economy injecting key industry disruption uncertainty,risk,-1,-1,-1,-1,-1,-1,-1,-1,-1,-1,-1,-1
John,Cornyn,R,TX,0.47,2023.0,X,136,34.0,29100.0,thats smoke climate change,risk,-1,1,-1,-1,1,-1,1,-1,-1,1,-1,-1
John,Cornyn,R,TX,0.47,2024.0,X,4,3.0,2025.0,inflationary spending biden spending trillion fight climate change voter arent moved campaign hoping get young people excited,risk,-1,-1,-1,-1,-1,-1,-1,-1,-1,-1,-1,-1
John,Cornyn,R,TX,0.47,2018.0,X,271,97.0,,regarding climate change think number urgent matter presenting enormous danger america,risk,-1,1,1,-1,1,-1,1,1,-1,1,-1,1
John,Fetterman,D,PA,-0.342,2024.0,X,197,34.0,20900.0,farmer part solution fighting climate change protecting climate guardrail ira let,opportunity,1,-1,-1,-1,1,-1,-1,-1,-1,1,-1,-1
John,Fetterman,D,PA,-0.342,2023.0,X,678,123.0,18800.0,could clearer climate change existential threat need act mitigate worst climate change late,opportunity,1,1,1,1,1,1,1,1,1,1,1,1
John,Fetterman,D,PA,-0.342,2021.0,X,531,55.0,15400.0,year later message time bold action climate change existential threat need transition clean energy quickly possible must uphold union way life worker across pa create thousand goodpaying union job,opportunity,1,1,1,1,1,1,1,1,1,1,1,1
John,Hoeven,R,ND,0.397,2024.0,X,88,34.0,27200.0,consumer paying energy today bidenharris administration doubling failed green new deal policy must producing energy use abundance resource get economy back track,risk,-1,-1,-1,-1,-1,-1,-1,-1,-1,-1,-1,-1
John,Hoeven,R,ND,0.397,2022.0,X,9,6.0,,adversary trying build weapon system defeat potus want put green new deal mandate military defense industry drive cost men woman uniform need effective defense system available,risk,-1,-1,-1,-1,-1,-1,-1,-1,-1,-1,-1,-1
John,Hoeven,R,ND,0.397,2022.0,X,136,59.0,,spoke democrat tax spend bill senate floor week bill full green new dealstyle policy wont actually reduce inflation instead reduce economic output reduce average wage eliminate fulltime job,neutral,0,-1,-1,-1,-1,-1,-1,-1,-1,-1,-1,-1
John,Kennedy,R,LA,0.56,2024.0,X,20000,7500.0,1300000.0,democrat want spend trillion become carbon neutral held hearing tell dem witness carbon dioxide huge part atmosphere actually small part atmosphere dem witness well okay yeah dont know,risk,-1,-1,-1,-1,-1,-1,-1,-1,-1,-1,-1,-1
John,Kennedy,R,LA,0.56,2023.0,X,10000,3100.0,170700.0,seems like people radical climate agenda one cant give straight answer much actually cost go carbon neutral fairminded policymaker want embark something even expert cant explain guarantee,risk,-1,-1,-1,-1,-1,-1,-1,-1,-1,-1,-1,-1
John,Kennedy,R,LA,0.56,2024.0,X,2200,570.0,,much climate alarmist think cost government basically bribe every american drive electric car,neutral,0,-1,-1,-1,-1,-1,-1,-1,-1,-1,-1,-1
John,Hickenlooper,D,CO,-0.246,2024.0,X,29,7.0,2850.0,inflation reduction act helping farmer rural small business get climate resilient keep feeding uplifting america,opportunity,1,-1,-1,-1,-1,-1,-1,-1,-1,-1,-1,-1
John,Hickenlooper,D,CO,-0.246,2022.0,X,1900,543.0,,much closer climate deal people realize let throw towel yet fighting climate change important august recess,opportunity,1,-1,-1,-1,-1,-1,-1,-1,-1,-1,-1,-1
John,Hickenlooper,D,CO,-0.246,2024.0,X,55,21.0,6922.0,inflation reduction act tackling climate change getting closer clean economy need update transmission infrastructure finish job harris get trump still think climate change hoax,opportunity,1,-1,-1,-1,-1,-1,-1,-1,-1,-1,-1,-1
Jon,Ossoff,D,GA,-0.422,2020.0,X,177,94.0,,tackling climate change health prosperity cant one without,opportunity,1,1,1,1,1,1,1,1,1,1,1,1
Jon,Ossoff,D,GA,-0.422,2020.0,X,122,36.0,,opponent say nobody really know human contribute climate change dismisses nasa military scientist listens oil gas lobbyist ill trust scientist corporate lobbyist vote massive clean energy investment,opportunity,1,1,1,-1,1,-1,1,1,-1,1,-1,1
Jon,Ossoff,D,GA,-0.422,2020.0,X,3600,991.0,,climate change immigration criminal justice reform ballot january th,neutral,0,1,1,1,1,1,1,1,1,1,1,1
Jon,Ossoff,D,GA,-0.422,2017.0,X,7300,4500.0,,walk away commitment reduce carbon emission help fight climate change history condemn,opportunity,1,1,-1,1,1,-1,1,-1,1,1,-1,1
Josh,Hawley,R,MO,0.803,2023.0,X,241,51.0,98500.0,company making billion profit spending billion idiotic climate change initiative make china rich kill american job spend money american worker,risk,-1,-1,-1,-1,-1,-1,-1,-1,-1,-1,-1,-1
Josh,Hawley,R,MO,0.803,2023.0,X,915,266.0,44800.0,biggest winner bidens huge climate change deal cornerstone bidenomics china,risk,-1,-1,-1,-1,-1,-1,-1,-1,-1,-1,-1,-1
Josh,Hawley,R,MO,0.803,2024.0,X,9000,2100.0,599500.0,biden administration want turn missouri national transmission corridor green energy taking farmer land way wont vote energy dept nominee bureaucrat unless pledge fight,risk,-1,-1,-1,-1,-1,-1,-1,-1,-1,-1,-1,-1
Katie,Britt,R,AL,0.565,2024.0,X,61,14.0,27300.0,leftwing activist keep trying make american energy bogeyman conservative stand strong truth american energy clean american energy dominance essential,risk,-1,-1,-1,-1,-1,-1,-1,-1,-1,-1,-1,-1
Katie,Britt,R,AL,0.565,2024.0,X,110,36.0,7354.0,encounter month secretary mayorkas blame climate change call displacement people wont call illegal migration wont call border crisis wont acknowledge administration policy fueling,risk,-1,-1,-1,-1,-1,-1,-1,-1,-1,-1,-1,-1
Katie,Britt,R,AL,0.565,2024.0,X,8700,823.0,858000.0,must energy independent energy dominant,neutral,0,1,-1,1,1,-1,1,-1,1,1,-1,1
Kevin,Cramer,R,ND,0.392,2024.0,X,17,4.0,2521.0,democrat partisan inflation reduction act included nonsensical natural gas tax bidenharris finalized rule implement american oil gas producer cleanest efficient world yet rule penalizes saddle consumer even higher bill make sense thankfully change coming,risk,-1,-1,-1,-1,-1,-1,-1,-1,-1,-1,-1,-1
Kevin,Cramer,R,ND,0.392,2024.0,X,5,4.0,5669.0,finalized rule mandating state measure greenhouse gas emission highway system set declining target despite lacking authority congress,opportunity,1,-1,-1,-1,-1,-1,-1,-1,-1,-1,-1,-1
Kevin,Cramer,R,ND,0.392,2024.0,X,1,1.0,227.0,endorsement reflects shared commitment promoting energy independence supporting policy strengthen economy protecting environment,opportunity,1,-1,-1,-1,-1,-1,-1,-1,-1,-1,-1,-1
Kirsten,Gillibrand,D,NY,-0.309,2024.0,X,9,3.0,2252.0,happy im grateful upstate new york home picturesque natural landscape country must continue combating threat climate change protecting environment generation come get one planet,opportunity,1,1,1,1,1,-1,1,1,1,1,-1,1
Kirsten,Gillibrand,D,NY,-0.309,2018.0,X,1600,420.0,,take impact climate change need take bold action need rein corporate polluter big oil need invest technological innovation renewable energy need finally pas reform protect planet,opportunity,1,-1,-1,1,-1,-1,-1,-1,1,-1,-1,-1
Kirsten,Gillibrand,D,NY,-0.309,2024.0,X,107,24.0,22000.0,historic flooding week wildfire smoke new yorkers already dealing effect climate change helped pas biggest climate change law senate ever passed there still much work ill keep fighting clean air clean water safe livable future new yorkers,opportunity,1,1,1,1,1,-1,1,1,1,1,-1,1
Lindsey,Graham,R,SC,0.417,2019.0,X,13000,3100.0,,green new deal destroy american economy piece legislation destroys economy save environment climate change real green new deal disaster,risk,-1,-1,-1,-1,-1,-1,-1,-1,-1,-1,-1,-1
Lindsey,Graham,R,SC,0.417,2022.0,X,1100,285.0,,cant believe manchin agreeing massive tax increase name climate change economy recession,risk,-1,-1,-1,-1,-1,-1,-1,-1,-1,-1,-1,-1
Lindsey,Graham,R,SC,0.417,2024.0,X,385,85.0,44900.0,bidenharris border crisis medicare green new deal kamala harris policy sht crazy,neutral,0,-1,-1,-1,-1,-1,-1,-1,-1,-1,-1,-1
Lisa,Murkowski,R,AK,0.208,2021.0,X,242,25.0,,attended cop recognize climate change real need act need work togetheracross aisle rest worldto find reasonable way reduce emission without harming economy,opportunity,1,-1,-1,-1,-1,-1,-1,-1,-1,-1,-1,-1
Lisa,Murkowski,R,AK,0.208,2024.0,X,42,9.0,8770.0,rural alaska community frontline climate change facing devastating impact extreme weather event,opportunity,1,1,1,1,1,1,1,1,1,1,1,1
Lisa,Murkowski,R,AK,0.208,2024.0,X,55,14.0,6337.0,selection climate resilience project across tribal community alaska significant step forward addressing growing threat impact climate change incorporating indigenous knowledge prioritizing community driven initiative ensure resource effectively meet unique need tribe,opportunity,1,1,1,1,1,1,1,1,1,1,1,1
Maggie,Hassan,D,NH,-0.236,2022.0,X,46,20.0,,climate change threatens nh community must act protect future generation im grateful support together end tax break big oil address climate crisis build clean energy future nh country,opportunity,1,1,1,1,1,1,1,1,1,1,1,1
Maggie,Hassan,D,NH,-0.236,2024.0,X,19,4.0,1274.0,bipartisan infrastructure law continuing deliver new hampshire derry cooperative school district using federal funding get new clean school bus good student health lower cost community help combat climate change,opportunity,1,1,1,1,1,1,1,1,1,1,1,1
Maggie,Hassan,D,NH,-0.236,2023.0,X,19,8.0,2428.0,climate change pose real threat seacoast community including shoreline wagon hill farm durham worked increase funding bipartisan infrastructure law coastal resilience project helping preserve area future generation,opportunity,1,1,1,1,1,1,1,1,1,1,1,1
Maria,Cantwell,D,WA,-0.292,2023.0,X,10,8.0,3797.0,artificial intelligence thing like quantum computing game changer potential help solve pressing global challenge like climate change hunger poverty disease pivotal competitiveness future,opportunity,1,1,1,1,1,-1,1,1,1,1,-1,1
Maria,Cantwell,D,WA,-0.292,2023.0,X,40,17.0,4835.0,mounting climate impact increased need protect america last remaining wild forestlands reduce wildland fire risk store huge amount carbon,opportunity,1,1,-1,-1,1,-1,1,-1,-1,1,-1,-1
Maria,Cantwell,D,WA,-0.292,2017.0,X,32,15.0,,hypothesis happening,opportunity,1,-1,-1,1,1,1,-1,-1,1,1,1,1
Mark,Kelly,D,AZ,-0.218,2024.0,X,149,48.0,9992.0,changing climate stress infrastructure im ensuring arizona well prepared handle thanks bipartisan infrastructure law strengthening grid reliability resiliency arizona,opportunity,1,1,-1,1,1,1,1,-1,1,1,1,1
Mark,Kelly,D,AZ,-0.218,2024.0,X,275,88.0,8076.0,arizonan climate change isnt term everyday reality confront historic drought record heat wave important take action protect planet kid grandkids,opportunity,1,1,1,1,1,1,1,1,1,1,1,1
Mark,Kelly,D,AZ,-0.218,2022.0,X,531,131.0,,impact climate change felt everywhere especially true arizona face historic drought record high temperature need take action protect planet future generation let follow science data fact,opportunity,1,1,1,1,1,1,1,1,1,1,1,1
Markwayne,Mullin,R,OK,0.542,2024.0,X,44,7.0,3071.0,liberal would rather spin climate change rely hostile nation power double clean american energy production home,risk,-1,-1,-1,-1,1,-1,-1,-1,-1,1,-1,-1
Markwayne,Mullin,R,OK,0.542,2024.0,X,170,59.0,20200.0,united state home strongest military world focusing climate change china running circle around navy sasc hearing week urged navy sec del toro stop trying put climate hysteria military readiness,risk,-1,-1,-1,-1,-1,-1,-1,-1,-1,-1,-1,-1
Markwayne,Mullin,R,OK,0.542,2024.0,X,58,22.0,9559.0,democrat climate hysteria getting ahead operational reality morning bidens environmental protection agency epa announced new regulation shutter coal gas power plant across country consequence decision dire new regulation cripple already strained electric grid send electricity price skyrocketing across country american family business need forcing cost reliability take back seat emission consideration dangerous approach look forward joining republican colleague challenging decision fighting realistic solution american,risk,-1,-1,-1,-1,-1,-1,-1,-1,-1,-1,-1,-1
Marsha,Blackburn,R,TN,0.615,2024.0,X,640,301.0,118000.0,biden reelected november try spend taxpayer dollar hiring new climate activist finish war american energy,risk,-1,-1,-1,-1,-1,-1,-1,-1,-1,-1,-1,-1
Marsha,Blackburn,R,TN,0.615,2022.0,X,31000,5300.0,,declaring economic emergency climate emergency,risk,-1,1,-1,1,1,1,1,-1,1,1,1,1
Marsha,Blackburn,R,TN,0.615,2023.0,X,11000,4400.0,320400.0,joe bidens veto tell million american funding climate change esg important retirement saving,risk,-1,-1,-1,-1,-1,-1,-1,-1,-1,-1,-1,-1
Martin,Heinrich,D,NM,-0.283,2024.0,X,,,,senator nm husband dad recovering engineer constantly seeking climate action fair shot new mexican best elk adovada recipe,opportunity,1,1,-1,1,1,1,1,-1,1,1,1,1
Martin,Heinrich,D,NM,-0.283,2024.0,X,632,201.0,84400.0,largest clean energy project american history right new mexico said impossiblebut pushed boosting economy powering million home creating career new mexican build family around game changer,opportunity,1,1,-1,1,1,1,1,-1,1,1,1,1
Martin,Heinrich,D,NM,-0.283,2023.0,X,40,11.0,2309.0,one year ago made largest climate investment history inflation reduction act climate action hundred saved year energy cost green job lower prescription drug cost million senior,opportunity,1,-1,-1,-1,1,-1,-1,-1,-1,1,-1,-1
Mazie,Hirono,D,HI,-0.514,2023.0,X,140,24.0,6643.0,effect climate change felt across world responsibility protect planet ive joined colleague reintroducing green new deal tackle climate crisis ill continue advocating planet every day,opportunity,1,1,1,1,1,1,1,1,1,1,1,1
Mazie,Hirono,D,HI,-0.514,2024.0,X,57,30.0,3908.0,project aim noaa broken sized claiming noaa one main driver climate change alarm industry antiscience climatechangedenial agenda back trump put life safety million risk,opportunity,1,1,-1,-1,1,-1,1,-1,-1,1,-1,-1
Mazie,Hirono,D,HI,-0.514,2017.0,X,290,175.0,,climate change isnt religion choose believe fact science irrefutable today heard yet another trump science nominee wont even admit real,opportunity,1,-1,-1,-1,-1,-1,-1,-1,-1,-1,-1,-1
Michael,Bennet,D,CO,-0.232,2024.0,X,32,9.0,3960.0,colorado west front line climate change thats im grateful work company like innovate cuttingedge solution colorado cut harmful emission glad learn critical work last week,opportunity,1,1,1,1,1,-1,1,1,1,1,-1,1
Michael,Bennet,D,CO,-0.232,2024.0,X,54,13.0,6900.0,colorado making progress toward achieving greenhouse gas pollution reduction goal great see state continue lead way still much work close gap must continue working together reduce harmful emission,opportunity,1,-1,-1,-1,-1,-1,-1,-1,-1,-1,-1,-1
Michael,Bennet,D,CO,-0.232,2024.0,X,,,,rule critical cut harmful methane pollution protect clean air reduce waste valuable energy delivering key inflation reduction act directive help protect community every corner countryresources im glad see,opportunity,1,1,-1,-1,1,-1,1,-1,-1,1,-1,-1
Michael,Bennet,D,CO,-0.232,2024.0,X,49,13.0,3900.0,colorado continues lead clean energy transition rural community central effort,opportunity,1,1,1,1,1,1,1,1,1,1,1,1
Mitch,McConnell,R,KY,0.404,2024.0,X,64,37.0,44300.0,potus deference climate extremist continues sell american consumer ally greater reliance dirty energy russia iran never national interest,risk,-1,-1,-1,-1,-1,-1,-1,-1,-1,-1,-1,-1
Mitch,McConnell,R,KY,0.404,2024.0,X,158,45.0,21100.0,climate agenda put activist ahead american worker freezing new export permit micromanaging home appliance trying rig auto market expensive ev democrat willing trade working family livelihood kudos radical base,risk,-1,-1,-1,-1,-1,-1,-1,-1,-1,-1,-1,-1
Mitch,McConnell,R,KY,0.404,2019.0,X,2300,1000.0,,one recent estimate say democrat green new deal would cost taxpayer trillion thats combined gdp entire world,neutral,0,-1,-1,-1,-1,-1,-1,-1,-1,-1,-1,-1
Mike,Crapo,R,ID,0.512,2024.0,X,17,4.0,1428.0,must continue push back biden administration attempt use mean necessary push radical climate agenda,risk,-1,-1,-1,-1,-1,-1,-1,-1,-1,-1,-1,-1
Mike,Crapo,R,ID,0.512,2024.0,X,20,0.0,1403.0,biden administration continues push climate agenda expense use america highway,risk,-1,-1,-1,-1,-1,-1,-1,-1,-1,-1,-1,-1
Mike,Crapo,R,ID,0.512,2024.0,X,12,1.0,862.0,investment clean energy innovation must responsibly use taxpayer dollar promote free market value principle pick winner loser based radical green agenda,neural,0,1,1,-1,1,-1,1,1,-1,1,-1,1
Mike,Lee,R,UT,0.538,2024.0,X,3900,1500.0,351500.0,china using disinformation campaign make american worry climate change order make america dependent chinese technology battery natural resource,risk,-1,-1,-1,-1,-1,-1,-1,-1,-1,-1,-1,-1
Mike,Lee,R,UT,0.538,2024.0,X,1500,169.0,37400.0,obvious failure secret service try blame climate change,risk,-1,1,-1,1,1,1,1,-1,1,1,1,1
Mike,Lee,R,UT,0.538,2024.0,X,181,28.0,13500.0,climatechange enthusiast kill joy always,risk,-1,-1,-1,-1,-1,1,-1,-1,-1,-1,1,-1
Patty,Murray,D,WA,-0.352,2024.0,X,247,74.0,19100.0,climate change urgent threat ignored im working make sure reduce emission invest protecting planet future generation every chance get,opportunity,1,1,1,1,1,-1,1,1,1,1,-1,1
Patty,Murray,D,WA,-0.352,2024.0,X,401,229.0,26600.0,climate change real urgent stop getting worse democrat passed meaningful climate action legislation history ready youre,opportunity,1,-1,-1,-1,-1,-1,-1,-1,-1,-1,-1,-1
Patty,Murray,D,WA,-0.352,2024.0,X,67,26.0,3562.0,climate change already threatwe see severe weather pattern extreme heat much democrat fought pas historic action climate keep fighting make sure building future take urgent action protect planet,opportunity,1,1,1,1,1,1,1,1,1,1,1,1
Rand,Paul,R,KY,0.891,2024.0,X,482,99.0,89500.0,climate exaggeration ignore life planet continue get better climate change real challenge endoftheworld fix smartly,risk,-1,1,-1,1,-1,-1,1,-1,1,-1,-1,-1
Rand,Paul,R,KY,0.891,2021.0,X,599,239.0,,nearly half million dollar create climate change video game game intention spread alarmism irrational fear among school child fun interesting way,neutral,0,1,1,-1,1,-1,1,1,-1,1,-1,1
Rand,Paul,R,KY,0.891,2020.0,X,1500,452.0,,despite climate alarmist prediction human likely survive hundred million year future meantime begin creating atmosphere suitable moon planet,risk,-1,1,-1,-1,1,-1,1,-1,-1,1,-1,-1
Richard,Blumenthal,D,CT,-0.438,2021.0,X,104,31.0,,climate change existential crisis remain committed addressing real immediate threat environment health economy time bold action protect precious planet generation come,opportunity,1,1,1,1,1,1,1,1,1,1,1,1
Richard,Blumenthal,D,CT,-0.438,2024.0,X,91,15.0,6537.0,approval bidenharris admin major disaster declaration unlocks million federal dollar enable homeowner business municipality build backnot replacing rebuild resilience climate change mean new normal,opportunity,1,1,1,1,1,1,1,1,1,1,1,1
Richard,Blumenthal,D,CT,-0.438,2019.0,X,118,56.0,,clear failure vision leadership trump distorted interpretation clean power planfailing set real carbon emission standard power plant key polluter climate change myth must stop dragging foot take action,opportunity,1,1,1,1,1,-1,1,1,1,1,-1,1
Roger,Marshall,R,KS,0.532,2024.0,X,44,20.0,5708.0,never ending pursuit cater radical climate activist joe biden continues war american made energy actually serious taking care environment hed unleash american energy,risk,-1,-1,-1,-1,-1,-1,-1,-1,-1,-1,-1,-1
Roger,Marshall,R,KS,0.532,2023.0,X,189,40.0,10900.0,biden think send climate demagogue kansa tell car drive he rude awakening preserving choice vehicle act protect consumer choice free market competition drive cost,risk,-1,-1,-1,-1,-1,-1,-1,-1,-1,-1,-1,-1
Roger,Marshall,R,KS,0.532,2023.0,X,46,12.0,3234.0,dont bite hand feed liberal elite continue ignore data showing agriculture forestry industry net carbon sink america would calling agriculture emission cut,neutral,0,1,-1,1,1,-1,1,-1,1,1,-1,1
Ron,Johnson,R,WI,0.64,2024.0,X,1600,611.0,29300.0,budget witness testified weve spent trillion combatting climate change reduced climate change wheres proof there certainly reduction climate change alarmism,risk,-1,1,-1,-1,1,-1,1,-1,-1,1,-1,-1
Ron,Johnson,R,WI,0.64,2024.0,X,102,21.0,4540.0,democrat obsessed climate alarmism green energy boondoggle theyre clueless big government regulation selfinflicted wound american economy,risk,-1,-1,-1,-1,-1,-1,-1,-1,-1,-1,-1,-1
Ron,Johnson,R,WI,0.64,2023.0,X,3100,1000.0,99100.0,climate change alarmist stop scaring child telling world end let give kid break stop pushing radical left idea,risk,-1,-1,-1,-1,-1,-1,-1,-1,-1,-1,-1,-1
Ron,Johnson,R,WI,0.64,2023.0,X,7300,1600.0,187900.0,climate always changed always matter much spend wont able significantly change fact better spend limited resource adapting mitigating reality,risk,-1,-1,-1,-1,-1,-1,-1,-1,-1,-1,-1,-1
Shelley,Moore Capito,R,WV,0.26,2024.0,X,39,21.0,2428.0,committee uncovered democrat partisan inflation reduction act sent million dollar group glorifies hamas violence guise fighting climate change,risk,-1,-1,-1,-1,-1,-1,-1,-1,-1,-1,-1,-1
Shelley,Moore Capito,R,WV,0.26,2024.0,X,363,154.0,23300.0,climate justice alliance denies israel right exist actively support genocide jewish people despicable inflation reduction act sending million group promotes hatred violence guise fighting climate change,risk,-1,-1,-1,-1,-1,-1,-1,-1,-1,-1,-1,-1
Shelley,Moore Capito,R,WV,0.26,2024.0,X,9,3.0,1541.0,clear biden administration chosen climate activist wellbeing america,risk,-1,-1,-1,-1,-1,-1,-1,-1,-1,-1,-1,-1
Steve,Daines,R,MT,0.52,2024.0,X,56,14.0,3289.0,joe biden kamala harris pursuit radical environmentalism liberal climate change agenda shutting state energy mining threatening montana way life,risk,-1,-1,-1,-1,-1,-1,-1,-1,-1,-1,-1,-1
Steve,Daines,R,MT,0.52,2023.0,X,168,61.0,43400.0,activist judge even mt helping farleft environmentalist push green hallucination throat american shutting energy project support alloftheabove energy portfolio setting america dangerous path must reverse course,risk,-1,-1,-1,-1,-1,-1,-1,-1,-1,-1,-1,-1
Steve,Daines,R,MT,0.52,2023.0,X,51,21.0,19300.0,biden anything fulfill green hallucination even hurting rural montana community,risk,-1,-1,-1,-1,-1,-1,-1,-1,-1,-1,-1,-1
Tammy,Baldwin,D,WI,-0.556,2023.0,X,81,25.0,20800.0,community across wisconsin feeling impact climate change including hardworking farmer inflation reduction act tackling climate change expanding economic opportunity ensuring farmer continue feed world,opportunity,1,1,1,-1,1,-1,1,1,-1,1,-1,1
Tammy,Baldwin,D,WI,-0.556,2024.0,X,447,166.0,9110.0,proud bring home investment wisconsin mean lower energy cost goodpaying union job clean energy taking climate change,opportunity,1,1,1,1,1,1,1,1,1,1,1,1
Tammy,Baldwin,D,WI,-0.556,2023.0,X,56,8.0,4827.0,climate change immediate growing threat economy way life im excited bipartisan bill providing tool wisconsin farmer continue part solution also generating economic growth rural community,opportunity,1,1,1,-1,1,-1,1,1,-1,1,-1,1
Tammy,Duckworth,D,IL,-0.323,2019.0,X,235,72.0,,climate change one gravest environmental economic national security threat time already experiencing devastating effect across country,opportunity,1,1,1,1,1,1,1,1,1,1,1,1
Tammy,Duckworth,D,IL,-0.323,2024.0,X,233,81.0,14300.0,climate crisis biggest threat planet ever faced thanks bidenharris administration enacted inflation reduction actwhich included biggest climate action history curbing emission clean energy job booming,opportunity,1,-1,1,-1,1,-1,-1,1,-1,1,-1,-1
Tammy,Duckworth,D,IL,-0.323,2022.0,X,244,58.0,,climate crisis also health crisis air pollution trigger higher rate asthma premature birth even cancer democrat working hard build clean energy future everyone live fuller healthier life,opportunity,1,1,1,1,1,1,1,1,1,1,1,1
Ted,Budd,R,NC,0.639,2024.0,X,78,19.0,8590.0,loss anyone filling gas pump bidens war american energy continues,risk,-1,-1,-1,-1,-1,-1,-1,-1,-1,-1,-1,-1
Ted,Budd,R,NC,0.639,2021.0,X,159,59.0,,percent bidens infrastructure proposal help fix road bridge pushing green new deal oppose,risk,-1,-1,-1,-1,-1,-1,-1,-1,-1,-1,-1,-1
Ted,Budd,R,NC,0.639,2024.0,X,68,8.0,2674.0,time get back america first energy plan,neutral,0,1,-1,-1,1,-1,1,-1,-1,1,-1,-1
Ted,Cruz,R,TX,0.784,2022.0,X,9400,5400.0,,please ignore science ignore data climate alarmist political ideology promote fact cant get way,risk,-1,-1,-1,-1,-1,-1,-1,-1,-1,-1,-1,-1
Ted,Cruz,R,TX,0.784,2021.0,X,58000,66000.0,,rejoining paris climate agreement president biden indicates he interested view citizen paris job citizen pittsburgh agreement little affect climate harm livelihood american,risk,-1,-1,-1,-1,-1,-1,-1,-1,-1,-1,-1,-1
Ted,Cruz,R,TX,0.784,2024.0,X,500,79.0,47100.0,important win american energy producer led texas lng made america cornerstone global energy security encouraging investment home past time biden administration stop holding american job hostage green climate radical,risk,-1,-1,-1,-1,-1,-1,-1,-1,-1,-1,-1,-1
Tim,Kaine,D,VA,-0.247,2024.0,X,133,41.0,11900.0,climate change real threat virginia economy national security future commonwealth ive worked secure funding clean va bay transition clean energy there need,opportunity,1,1,1,1,1,1,1,1,1,1,1,1
Tim,Kaine,D,VA,-0.247,2024.0,X,102,44.0,9834.0,care climate future commonwealththats worked pas inflation reduction act invest clean energy job future lower energy bill tackle climate crisis ensure better future generation come,opportunity,1,1,1,1,1,-1,1,1,1,1,-1,1
Tim,Kaine,D,VA,-0.247,2024.0,X,16,3.0,1318.0,clean energy industry good economy virginia talented workforce environment thats voted pas inflation reduction act bipartisan infrastructure law bringing project hundred clean energy job commonwealth,opportunity,1,-1,-1,-1,1,-1,-1,-1,-1,1,-1,-1
Tim,Kaine,D,VA,-0.247,2024.0,X,8,1.0,1736.0,weve worked together since governor helping save blue crab oyster ill keep working school address climate change improve coastal resiliency biodiversity,opportunity,1,-1,-1,-1,-1,-1,-1,-1,-1,-1,-1,-1
Adam,Schiff,D,CA,-0.358,2024.0,X,115,43.0,34000.0,every year larger destructive fire endangering displacing californian need fight climate change devote whatever resource necessary harden protect community devastation,opportunity,1,1,1,1,1,1,1,1,1,1,1,1
Adam,Schiff,D,CA,-0.358,2024.0,X,193,49.0,12100.0,dont tackle climate change head problem going matter much end day fire water thats released bold detailed agenda protect planet,opportunity,1,1,-1,1,1,1,1,-1,1,1,1,1
Adam,Schiff,D,CA,-0.358,2024.0,X,396,118.0,26400.0,today im rolling protecting planet agenda climate change greatest existential threat time must act decisively here need,opportunity,1,1,1,1,1,1,1,1,1,1,1,1
Bernie ,Moreno,R,OH,0.538,2021.0,X,14,6.0,,coastal elite cry climate change reduce co emission want see done come ohio continue incentivize fracking make much easier drilling especially federal state land,risk,-1,1,-1,-1,1,-1,1,-1,-1,1,-1,-1
Bernie ,Moreno,R,OH,0.538,2024.0,X,153,45.0,6577.0,sherrod brown inability clearly stand behind america energy worker disgrace lap dog climate cult extremist senate work tirelessly unleash american energy make nation energy dominant powerhouse,risk,-1,-1,-1,-1,1,-1,-1,-1,-1,1,-1,-1
Bernie ,Moreno,R,OH,0.538,2024.0,X,260,91.0,19300.0,cant tackle wage killing inflation thats crushing working american without energy dominance sherrod brown full fledged member green new deal climate cult pretend care advocating worker reality sell every opportunity,risk,-1,-1,-1,-1,-1,-1,-1,-1,-1,-1,-1,-1
Bernie ,Sanders,I,VT,-0.511,2024.0,X,1800,500.0,115400.0,climate change economic public health national security environmental problem every kind issue must transform energy system away fossil fuel save planet excuse,opportunity,1,1,1,1,1,-1,1,1,1,1,-1,1
Bernie ,Sanders,I,VT,-0.511,2024.0,X,401,105.0,75500.0,decade fossil fuel corporation knowingly destroyed planet shortterm profit proud vermont go state forcing fossil fuel industry pay destruction caused crisis climate change,opportunity,1,-1,-1,-1,-1,-1,-1,-1,-1,-1,-1,-1
Bernie ,Sanders,I,VT,-0.511,2021.0,X,6400,1000.0,,republican colleague still refuse accept climate change real refuse accept planet going leave kid grandkids must take bold action combat climate change thats exactly going,opportunity,1,1,1,1,1,-1,1,1,1,1,-1,1
Bill,Cassidy,R,LA,0.459,2024.0,X,12,4.0,2163.0,climate change sec job stop,neutral,0,-1,-1,-1,-1,-1,-1,-1,-1,-1,-1,-1
Bill,Cassidy,R,LA,0.459,2024.0,X,19,8.0,2021.0,wh said crafting idea create sovereign wealth fund support green new deal crazy liberal fantasy presented idea bidenharris wh save social security insolvency,neutral,0,1,-1,1,1,1,1,-1,1,1,1,1
Bill,Cassidy,R,LA,0.459,2019.0,X,12,28.0,,tonight dem candidate push green new deal medicareforall open border agenda destroy louisiana energy industry turn health care system upside put life million risk socialist policy fearful,risk,-1,-1,-1,-1,-1,-1,-1,-1,-1,-1,-1,-1
Bill,Hagerty,R,TN,0.683,2024.0,X,38,12.0,2806.0,bidenharris admin made dependent adversary energy due green energy fantasy need unleash american energy,risk,-1,-1,-1,-1,-1,-1,-1,-1,-1,-1,-1,-1
Bill,Hagerty,R,TN,0.683,2024.0,X,7,3.0,1132.0,adopted sec proposed climate change reporting rule broad impact american consumer job investor warrant review elected representative,neutral,0,-1,-1,-1,1,-1,-1,-1,-1,1,-1,-1
Bill,Hagerty,R,TN,0.683,2024.0,X,7,3.0,1133.0,make sense sec impose onerous climate disclosure company activist climate investment rapidly losing steam,neutral,0,1,-1,-1,1,-1,1,-1,-1,1,-1,-1
Bill,Hagerty,R,TN,0.683,2022.0,X,157,73.0,,today democrat made defining choice showed american people radicalism bound choosing green energy fantasy big government need american family worker business,risk,-1,-1,-1,-1,-1,-1,-1,-1,-1,-1,-1,-1
Brian ,Schatz,D,HI,-0.443,2024.0,X,114,38.0,14700.0,celebrate beautiful planet important remember whats stake climate change dangerous threat earth ever facedweve made progress thanks inflation reduction act infrastructure law there still much work,opportunity,1,-1,-1,-1,-1,-1,-1,-1,-1,-1,-1,-1
Brian ,Schatz,D,HI,-0.443,2024.0,X,37,9.0,1925.0,climate change biggest threat planet ever faced requires big bold action equal moment thats passed inflation reduction act infrastructure law continuing deliver climate solution help save planet,opportunity,1,-1,1,-1,1,-1,-1,1,-1,1,-1,-1
Brian ,Schatz,D,HI,-0.443,2023.0,X,17,6.0,1923.0,im joining talk bipartisan forest act help drive deforestation globally fight climate change tune,opportunity,1,1,1,1,1,1,1,1,1,1,1,1
Chris,Van Hollen,D,MD,-0.39,2024.0,X,40,11.0,3329.0,report show every nation must doubledown effort fight climate crisis need pas polluter pay climate fund act hold polluter accountable secure resource fight time retreat,opportunity,1,1,1,-1,1,1,1,1,-1,1,1,1
Chris,Van Hollen,D,MD,-0.39,2023.0,X,33,8.0,3171.0,cost climate change isnt theoretical already seeing pile upfrom damage caused extreme weather toll pollution take health thats passed inflation reduction act must take threat seriously,opportunity,1,1,1,-1,1,-1,1,1,-1,1,-1,1
Chris,Van Hollen,D,MD,-0.39,2023.0,X,34,13.0,6387.0,fighting climate change creating clean energy job go hand hand thanks potusand work pas inflation reduction act tackling climate crisis headon growing economy every step way,opportunity,1,1,1,-1,1,-1,1,1,-1,1,-1,1
Chuck,Schumer,D,NY,-0.354,2024.0,X,20,6.0,2733.0,two year ago today made history inflation reduction act signed law democrat delivered largest action climate change ever goodpaying job lower healthcare cost,opportunity,1,-1,-1,-1,-1,-1,-1,-1,-1,-1,-1,-1
Chuck,Schumer,D,NY,-0.354,2022.0,X,34,11.0,,fact undeniable climate change real getting worse every day continue fight real action tackle climate crisis good,opportunity,1,1,1,1,1,1,1,1,1,1,1,1
Chuck,Schumer,D,NY,-0.354,2024.0,X,393,173.0,42300.0,democrat focused tackling climate change lowering energy cost project trump plan would gut domestic clean energy investment empower big oil gas polluter fire thousand thousand american goodpaying clean energy job,opportunity,1,1,1,1,1,-1,1,1,1,1,-1,1
Dan,Sullivan,R,AK,0.495,2024.0,X,30,12.0,2556.0,president biden think climate change existential crisis time actually think dictator march around globe bidens lng permitting freeze loselose count,risk,-1,-1,-1,-1,-1,-1,-1,-1,-1,-1,-1,-1
Dan,Sullivan,R,AK,0.495,2023.0,X,44,18.0,6321.0,whats higher priority navy warfighting ship building climate change exactly braintwister people president bidens nominee lead policy pentagonhe stumped,risk,-1,-1,-1,-1,-1,-1,-1,-1,-1,-1,-1,-1
Dan,Sullivan,R,AK,0.495,2024.0,X,44,17.0,5311.0,president biden focused final address un climate change mentioning iran twice thats indicative misguided policy priority bidenharris administration dont know,risk,-1,-1,-1,-1,-1,-1,-1,-1,-1,-1,-1,-1
Dave ,McMcormick,R,PA,0.538,2024.0,X,47,20.0,7458.0,science clear climate change happening human activity one many contributing factor controversial key question reality,opportunity,1,1,-1,1,1,1,1,-1,1,1,1,1
Dave ,McMcormick,R,PA,0.538,2024.0,X,109,29.0,5707.0,american innovation make pa country energy superpower mitigating risk climate change im proud conservationist always good steward environment,opportunity,1,-1,-1,-1,1,-1,-1,-1,-1,1,-1,-1
Dave ,McMcormick,R,PA,0.538,2024.0,X,125,45.0,6413.0,nothing say touch like army releasing climate change strategy warfighting strategy american deserve leader laser focused safety home abroad farleft progressive ideology,risk,-1,-1,-1,-1,-1,-1,-1,-1,-1,-1,-1,-1
Elissa,Slotkin,D,MI,-0.358,2021.0,X,33,13.0,,friday joined mason talk protect michigan family farm secure food supply chain make sure farmer equipped combat climate change stay competitive generation come,opportunity,1,1,1,1,1,1,1,1,1,1,1,1
Elissa,Slotkin,D,MI,-0.358,2018.0,X,193,102.0,,one piece stood sunday debate denial manmade climate change believe need treat environmental security way treat homeland security cant get serious issue dont acknowledge fact hand,opportunity,1,1,-1,-1,1,-1,1,-1,-1,1,-1,-1
Elissa,Slotkin,D,MI,-0.358,2019.0,https://www.legistorm.com/stormfeed/view_rss/1304747/member/3316/title/statement-by-us-rep-elissa-slotkin-on-the-green-new-deal.html,,,,someone helped author first pentagon study impact climate change military long believed need bring strong sense urgency job addressing critical issue,opportunity,1,1,-1,1,1,1,1,-1,1,1,1,1
Elizabeth ,Warren,D,MA,-0.747,2024.0,X,399,142.0,49500.0,time accelerate towards clean energy future build green act modernize transportation system create green union job safeguard dangerous effect climate change congress pas bill,opportunity,1,1,1,1,1,1,1,1,1,1,1,1
Elizabeth ,Warren,D,MA,-0.747,2019.0,X,14000,2500.0,,want live world clean air water take real action combat climate change im proud join resolution fight planet kid future,opportunity,1,1,1,1,1,1,1,1,1,1,1,1
Elizabeth ,Warren,D,MA,-0.747,2024.0,X,267,80.0,105100.0,climate change urgent threat also offer real opportunity chance rebuild economy clean energy create million good union job process green bank idea ive fought hard big win,opportunity,1,1,1,-1,1,1,1,1,-1,1,1,1
Eric,Schmitt,R,MO,0.97,2024.0,X,38,9.0,2850.0,biden prioritized woke climate agenda cost taxpayer dollar american job,risk,-1,-1,-1,-1,-1,-1,-1,-1,-1,-1,-1,-1
Eric,Schmitt,R,MO,0.97,2024.0,X,27,15.0,1880.0,divisive dei policy hurting military recruitment military insistence focusing climate change existential threat china increase shipbuilding capacity ridiculous,risk,-1,-1,-1,-1,-1,-1,-1,-1,-1,-1,-1,-1
Eric,Schmitt,R,MO,0.97,2024.0,X,14,6.0,732.0,biden doubling climatealarmist agenda responsible shipping job overseas hollowing middle class,risk,-1,-1,-1,-1,-1,-1,-1,-1,-1,-1,-1,-1
Jacky,Rosen,D,NV,-0.248,2023.0,X,29,12.0,2528.0,nevadan know impact climate change state extreme heat deadly drought wildfire im proud receive climate changemaker award leadership combating climate crisis supporting transition clean energy,opportunity,1,1,1,1,1,1,1,1,1,1,1,1
Jacky,Rosen,D,NV,-0.248,2024.0,X,18,5.0,2310.0,climate crisis real impact nevada proud help secure largest investment history combat climate change support clean energy cant stop must keep taking action protect planet,opportunity,1,1,1,1,1,1,1,1,1,1,1,1
Jacky,Rosen,D,NV,-0.248,2024.0,X,25,9.0,2028.0,nevada continues confront climate crisis critical invest clean energy project reduce emission lower cost family proud secured nearly nevada fund local project increase energy efficiency create job,opportunity,1,1,-1,1,1,1,1,-1,1,1,1,1
Jeanne,Shaheen,D,NH,-0.239,2022.0,X,9,7.0,,know climate change pose serious threat national security military readiness im pleased taking important action address existential danger climate crisis releasing firstever climate strategy,opportunity,1,1,1,1,1,1,1,1,1,1,1,1
Jeanne,Shaheen,D,NH,-0.239,2023.0,X,8,6.0,1334.0,climate change major threat economy environment future generation inaction option must build progress made last congress cut energy cost reduce emission take bold step protect planet,opportunity,1,1,1,1,1,1,1,1,1,1,1,1
Jeanne,Shaheen,D,NH,-0.239,2024.0,X,16,2.0,1710.0,lake mountain forest new hampshire lucky surrounded much natural beauty renew commitment protecting environment future generation working address existential threat climate change,opportunity,1,1,1,1,1,1,1,1,1,1,1,1
Jeff,Merkley,D,OR,-0.358,2024.0,X,64,14.0,,congratulation becoming oregon kid governor rosie focus climate action fantasticits critical young people like help move toward renewable energy future thank sharing vision state,opportunity,1,1,-1,1,1,-1,1,-1,1,1,-1,1
Jeff,Merkley,D,OR,-0.358,2024.0,X,125,53.0,17800.0,ive pushed climate corp create job protecting health planet futureso wonderful see marking earth day year major investment american climate corp solar program need bold action climate,opportunity,1,1,-1,1,1,-1,1,-1,1,1,-1,1
Jeff,Merkley,D,OR,-0.358,2019.0,X,1800,637.0,,call way wrong climate chaos humanity biggest challenge either host climate debate get way let group,opportunity,1,-1,-1,-1,-1,-1,-1,-1,-1,-1,-1,-1
Jerry,Moran,R,KS,0.406,2022.0,X,,,,biden administration climate policy injected regulation financial system result credibility apolitical nature financial regulator steadily eroded,risk,-1,-1,-1,-1,-1,-1,-1,-1,-1,-1,-1,-1
Jerry,Moran,R,KS,0.406,2022.0,X,,,,despite climate alarmist claim physical risk extreme weather event threat financial stability numerous study past decade including fdic federal reserve staff found extreme weather event significant negative impact bank performance,risk,-1,1,-1,1,1,-1,1,-1,1,1,-1,1
Jerry,Moran,R,KS,0.406,2022.0,X,,,,risk future harm policymakers implementing climate agenda significantly curb greenhouse gas emission nothing political prediction,risk,-1,-1,-1,-1,-1,-1,-1,-1,-1,-1,-1,-1
Jim,Banks,R,IN,0.538,2019.0,X,344,98.0,,left cared climate change would plan curb china co emission support nuclear energy natural gas unleash power market invest rd instead make late work ban plastic straw want eat bug kid,risk,-1,-1,-1,-1,-1,-1,-1,-1,-1,-1,-1,-1
Jim,Banks,R,IN,0.538,2022.0,X,196,36.0,,green new deal existential threat,neutral,0,1,-1,1,1,1,1,-1,1,1,1,1
Jim,Banks,R,IN,0.538,2021.0,X,304,166.0,,billion fix racist road bridge free college illegal immigrant climate change militia small biz owner faced fine new irs agent radical policy spending bill,risk,-1,-1,-1,-1,-1,-1,-1,-1,-1,-1,-1,-1
Jim,Justice,R,WV,0.538,2022.0,https://governor.wv.gov/News/press-releases/2022/Pages/Governor-Justice-says-Biden-must-tap-into-West-Virginias-rich-natural-resources-to-make-America-energy-independent-again.aspx,,,,colossal problem world right energy become weaponized,risk,-1,-1,-1,-1,-1,-1,-1,-1,-1,-1,-1,-1
Jim,Justice,R,WV,0.538,2022.0,https://governor.wv.gov/News/press-releases/2022/Pages/Governor-Justice-says-Biden-must-tap-into-West-Virginias-rich-natural-resources-to-make-America-energy-independent-again.aspx,,,,course want pristine water air day time renewable form energy one day hope embrace right parsley around plate meat potato gas oil coal,neutral,0,-1,-1,-1,-1,-1,-1,-1,-1,-1,-1,-1
Jim,Justice,R,WV,0.538,2022.0,https://governor.wv.gov/News/press-releases/2022/Pages/Governor-Justice-says-Biden-must-tap-into-West-Virginias-rich-natural-resources-to-make-America-energy-independent-again.aspx,,,,god give time smart people world solve riddle truly climate change going give time right there madman loose who blowing hospital dont time play game,risk,-1,-1,-1,-1,-1,-1,-1,-1,-1,-1,-1,-1
Jim,Risch,R,ID,0.549,,https://www.risch.senate.gov/public/index.cfm/2024/3/risch-heinrich-introduce-legislation-to-accelerate-adoption-of-geothermal-energy,,,,idaho long utilized abundant natural geothermal resource surface breakthrough technology underway great potential scale production clean reliable energy geo act streamline leasing permitting process allowing responsible efficient development traditional enhanced geothermal resource public land,opportunity,1,-1,-1,-1,1,-1,-1,-1,-1,1,-1,-1
Jim,Risch,R,ID,0.549,,https://www.crapo.senate.gov/media/newsreleases/crapo-risch-block-sec-emissions-requirement-that-would-burden-farmers-and-ranchers,,,,climate change activist biden administration continue put politics people forcing excessive emission requirement industry already weighed deluge federal regulation must remain vigilant safeguard idahoan progressive climate agenda,risk,-1,-1,-1,-1,-1,-1,-1,-1,-1,-1,-1,-1
Jim,Risch,R,ID,0.549,2023.0,X,84,24.0,13100.0,china america role model astounding cabinet member would tout china environmental policy pollutes developed nation combined achieve energy independence without communist policy,risk,-1,-1,-1,-1,-1,-1,-1,-1,-1,-1,-1,-1
John,Barraso,R,WY,0.538,2023.0,X,18,6.0,1522.0,come climate change chinese communist party playing biden administration fool china get free ride special treatment international climate agreement,risk,-1,-1,-1,-1,-1,-1,-1,-1,-1,-1,-1,-1
John,Barraso,R,WY,0.538,2021.0,X,19,6.0,,returning paris climate agreement raise american energy cost wont solve climate change biden administration set unworkable target united state china russia continue business usual,risk,-1,-1,-1,-1,-1,-1,-1,-1,-1,-1,-1,-1
John,Barraso,R,WY,0.538,2021.0,X,21,6.0,,paris climate agreement built idea america culprit reality leading driver innovation address climate change,risk,-1,1,1,1,1,1,1,1,1,1,1,1
John,Curtis,R,UT,0.538,2024.0,X,37,7.0,3709.0,natural gas affordable reliable clean energy source irony president biden citing climate change pause lng export despite primary driver domestic carbon reduction astounding decision hurt ally europe empowers china russia destroys american job make decision hate emission hate fossil fuel,neutral,0,-1,-1,-1,-1,-1,-1,-1,-1,-1,-1,-1
John,Curtis,R,UT,0.538,2020.0,X,84,26.0,,learning climate change struggling understand contributing question ask want leave earth better found agree stay tuned,opportunity,1,-1,-1,-1,-1,-1,-1,-1,-1,-1,-1,-1
John,Curtis,R,UT,0.538,2019.0,X,303,96.0,,climate change laughing matter sock game definitely thanks great chance discus better steward earth,opportunity,1,-1,-1,-1,-1,-1,-1,-1,-1,-1,-1,-1
John,Thune,R,SD,0.414,,X,372,139.0,20900.0,two year since democrat pushed green new deal legislation socalled inflation reduction act climate law made possible vp harris tiebreaking vote done nothing reduce inflation added deficit,neutral,0,-1,-1,-1,-1,-1,-1,-1,-1,-1,-1,-1
John,Thune,R,SD,0.414,2019.0,X,1800,613.0,,socialist fantasy would put government charge everything health care way heat house,risk,-1,-1,-1,-1,-1,-1,-1,-1,-1,-1,-1,-1
John,Thune,R,SD,0.414,2023.0,https://www.thune.senate.gov/public/index.cfm/environment,,,,deep appreciation south dakota clean air water support clean energy investment help boost economy cripple,opportunity,1,1,1,1,1,1,1,1,1,1,1,1
Lisa,Rochester,D,DE,-0.358,2023.0,X,47,12.0,2552.0,delawarean feel impact climate change every day need legislation doesnt force backwards instead propels forward towards cleaner safer sustainable planet strategic reduction response act push towards exact opposite,opportunity,1,1,-1,-1,1,-1,1,-1,-1,1,-1,-1
Lisa,Rochester,D,DE,-0.358,2023.0,X,16,3.0,852.0,climate crisis hopeful future proud see alma mater helping address need climate change education school,opportunity,1,1,1,1,1,1,1,1,1,1,1,1
Lisa,Rochester,D,DE,-0.358,2024.0,X,12,6.0,617.0,bipartisan bicameral beach act help ensure coastal ecosystem prepared face impact climate crisis week senate passed unanimously house way,opportunity,1,1,-1,-1,1,-1,1,-1,-1,1,-1,-1
Mark ,Rubio,R,FL,0.616,2022.0,X,3100,977.0,,working american struggling high price worried border terrorized crime senate spending night voting democrat climate change bill,risk,-1,-1,-1,-1,-1,-1,-1,-1,-1,-1,-1,-1
Mark ,Rubio,R,FL,0.616,2019.0,X,566,199.0,,climate change causing real problem real problem deserve real solution many proposed fix climate change unrealistic dangerous choose adaptive solution instead,opportunity,1,-1,-1,-1,-1,-1,-1,-1,-1,-1,-1,-1
Mark ,Rubio,R,FL,0.616,2024.0,X,29,8.0,2079.0,biden administration amplifies support marxist group caused traffic mayhem hardworking american name climate change,risk,-1,-1,-1,-1,-1,-1,-1,-1,-1,-1,-1,-1
Mark,Warner,D,VA,-0.207,2024.0,X,77,18.0,11600.0,negotiated infrastructure law made sure plan next generation concern climate change make severe weather worse gearing make simultaneous investment road bridge port ready next decade storm,opportunity,1,1,1,1,1,1,1,1,1,1,1,1
Mark,Warner,D,VA,-0.207,2022.0,X,184,34.0,,lowering cost expanding access highquality health care addressing climate change potential pas historic bill next week im looking forward voting inflation reduction act,opportunity,1,-1,1,-1,-1,-1,-1,1,-1,-1,-1,-1
Mark,Warner,D,VA,-0.207,2023.0,X,34,15.0,13700.0,glad see launch program mobilize young people one pressing issue time climate change im particularly glad virginia represented sophia kianni vienna virginia native,opportunity,1,1,-1,-1,1,-1,1,-1,-1,1,-1,-1
Mike,Rounds,R,SD,0.347,2022.0,X,40,18.0,,vladimir putin enemy continue fund war effort biden administration need stop worshiping altar climate change must everything power produce american energy,risk,-1,-1,-1,-1,-1,-1,-1,-1,-1,-1,-1,-1
Mike,Rounds,R,SD,0.347,2020.0,X,18,6.0,,farmer rancher wrongfully attacked left responsible climate change instead commended part feeding world,neutral,0,-1,-1,-1,-1,-1,-1,-1,-1,-1,-1,-1
Mike,Rounds,R,SD,0.347,2019.0,X,7,2.0,,worst part agreement wont even tangible effect environment withdrawing paris climate agreement right move wrote misguided agreement back check,risk,-1,-1,-1,-1,-1,-1,-1,-1,-1,-1,-1,-1
Pete,Ricketts,R,NE,0.438,2024.0,X,13,2.0,1941.0,biden administration extreme climate policy hurting ag producer farmer original conservationist dont need bureaucrat dictating care land continue fighting senseless policy,risk,-1,-1,-1,-1,-1,-1,-1,-1,-1,-1,-1,-1
Pete,Ricketts,R,NE,0.438,2023.0,X,8,0.0,,great see pavillion ocean pavilion second year row let hope strong action address global climate change crisis including ocean sustainability,opportunity,1,1,-1,-1,1,1,1,-1,-1,1,1,1
Pete,Ricketts,R,NE,0.438,2023.0,X,2,0.0,197.0,second presentation wco progress integrating ocean un climate change process able promote great work global ocean forum ocean initiative legacy biliana cicinsain,opportunity,1,1,1,-1,1,-1,1,1,-1,1,-1,1
Peter,Welch,D,VT,-0.407,2024.0,X,20,4.0,1287.0,climate change altering vermont community need resource short term help recover flooding bolder climate action long term slow impact climate change,opportunity,1,1,1,1,1,1,1,1,1,1,1,1
Peter,Welch,D,VT,-0.407,2024.0,X,4,1.0,656.0,climate change existential threat innovative combat negative impact thats im introducing aide act support research harness power ai improve energy efficiency,opportunity,1,1,1,1,1,1,1,1,1,1,1,1
Peter,Welch,D,VT,-0.407,2024.0,X,9,2.0,1099.0,big oil gas company exacerbating devastating effect climate change joined environmental leader demand largest polluter pay role harming vermonter around world,opportunity,1,-1,-1,-1,1,-1,-1,-1,-1,1,-1,-1
Raphael,Warnock,D,GA,-0.409,2022.0,X,402,104.0,,fight climate change keep economy competitive thats im fighting clean energy job georgia,opportunity,1,1,1,1,1,1,1,1,1,1,1,1
Raphael,Warnock,D,GA,-0.409,2020.0,X,7300,1700.0,,come addressing climate change ecological disaster environmental justice headlight tail light,opportunity,1,1,1,1,1,1,1,1,1,1,1,1
Raphael,Warnock,D,GA,-0.409,2021.0,X,1000,238.0,,let recommit addressing existential threat climate change flood coastal erosion already bearing cost coming crisis together bold action build stronger economy safe country,opportunity,1,1,1,1,1,1,1,1,1,1,1,1
Rick,Scott,R,FL,0.716,2022.0,X,43,19.0,,bank aware climateassociated risk thats scare tactic force bank dump investment fossil fuel industry dont fit green new deal fantasy bidens war energy crushing family,risk,-1,-1,-1,-1,-1,-1,-1,-1,-1,-1,-1,-1
Rick,Scott,R,FL,0.716,,https://www.cleanenergy.org/blog/candidate-rick-scott-on-climate-energy/,,,,weather always changing take climate change seriously hysterically adopt nutty policy harm economy job,risk,-1,-1,-1,-1,-1,-1,-1,-1,-1,-1,-1,-1
Rick,Scott,R,FL,0.716,,https://www.cleanenergy.org/blog/candidate-rick-scott-on-climate-energy/,,,,know reason something changing massive storm massive storm surge weve got figure,neutral,0,-1,-1,-1,-1,-1,-1,-1,-1,-1,-1,-1
Roger ,Wicker,R,MS,0.38,2023.0,X,31,10.0,4116.0,dangerous moment since world war ii defense intelligence community focused deterring threat pursuing divisive green agenda,risk,-1,-1,-1,-1,-1,-1,-1,-1,-1,-1,-1,-1
Roger ,Wicker,R,MS,0.38,2022.0,X,10,2.0,,must end war american energy unleash strength sector reopening keystone pipeline reversing drilling ban exiting paris climate agreement longer net energy exporter,risk,-1,-1,-1,-1,-1,-1,-1,-1,-1,-1,-1,-1
Roger ,Wicker,R,MS,0.38,2023.0,X,13,5.0,4132.0,socalled good neighbor rule epa decided discard year goodfaith effort state address emission concern severe impact mississippi working overturn,neutral,0,1,-1,1,1,1,1,-1,1,1,1,1
Ron,Wyden,D,OR,-0.317,2019.0,X,238,105.0,,climate change real happening kick carbon habit congress must start transforming tax code support clean renewable energy dirty relic yesteryear thats case made today,opportunity,1,1,1,1,1,-1,1,1,1,1,-1,1
Ron,Wyden,D,OR,-0.317,2019.0,X,160,49.0,,climate change isnt distant threat happening facing bigger hotter forest fire severe weather pattern flooding rising sea level,opportunity,1,-1,-1,-1,-1,1,-1,-1,-1,-1,1,-1
Ron,Wyden,D,OR,-0.317,2021.0,X,324,110.0,,going easy address climate crisis here whats certain beyond shadow doubt cost nothing trillion cost clean energy future,opportunity,1,1,1,1,1,1,1,1,1,1,1,1
Ruben,Gallego,D,AZ,-0.358,2017.0,X,37,16.0,,strong action climate change produce real benefit environment economy walking away agreement mistake,opportunity,1,-1,-1,-1,-1,1,-1,-1,-1,-1,1,-1
Ruben,Gallego,D,AZ,-0.358,2022.0,X,125,27.0,,every day content inaction effect climate change get extreme russia war highlighted economic consequence reliance fossil fuel longterm climate change legislation save future make independent economy,opportunity,1,1,1,1,1,1,1,1,1,1,1,1
Ruben,Gallego,D,AZ,-0.358,2023.0,X,164,38.0,9472.0,proud received score national environmental scorecard kid always fight action climate crisis must protect arizona water create goodpaying union job,opportunity,1,1,1,1,1,1,1,1,1,1,1,1
Sheldon,Whitehouse,D,RI,-0.356,2024.0,X,159,62.0,7439.0,people start realize climate change dangerous headed punch face economy,opportunity,1,-1,-1,-1,-1,-1,-1,-1,-1,-1,-1,-1
Sheldon,Whitehouse,D,RI,-0.356,2024.0,X,17,12.0,1428.0,nutshell yearolds worry climate change extremely worried report impact mental health said likely vote candidate support aggressive climate policy yet still dawdle,opportunity,1,1,-1,-1,1,-1,1,-1,-1,1,-1,-1
Sheldon,Whitehouse,D,RI,-0.356,2024.0,X,2000,977.0,50200.0,allow climate change go unchecked ravage global economy,opportunity,1,1,-1,-1,1,-1,1,-1,-1,1,-1,-1
Susan ,Collins,R,ME,0.118,2017.0,X,3000,1300.0,,climate change requires global approach im disappointed president decision withdraw paris agreement,opportunity,1,1,1,1,1,-1,1,1,1,1,-1,1
Susan ,Collins,R,ME,0.118,2018.0,X,2000,1400.0,,cant ignore impact climate change public health environment economy cause including administration take harder look consequence inaction use known risk inform policy,opportunity,1,1,1,1,1,-1,1,1,1,1,-1,1
Susan ,Collins,R,ME,0.118,2019.0,X,202,62.0,,climate change threatens maine natural resource economy including forestry fishing agricultural tourism industry must transcend geographical partisan line address challenge thank support bipartisan bill,opportunity,1,1,1,1,1,1,1,1,1,1,1,1
Thom,Tillis,R,NC,0.388,2018.0,X,512,218.0,,th national climate assessment report serf glaring reminder longterm risk climate change party need work together deploy innovative marketdriven strategy combat impact climate change,opportunity,1,1,1,1,1,1,1,1,1,1,1,1
Thom,Tillis,R,NC,0.388,2020.0,X,59,31.0,,work together rebuild postpandemic economy grow clean energy job promote american innovation continue lead driving carbon emission,opportunity,1,1,1,1,1,1,1,1,1,1,1,1
Thom,Tillis,R,NC,0.388,,https://www.tillis.senate.gov/climate-change,,,,thom belief key effort addressing climate change marketbased solution foster innovation drive economic growth,opportunity,1,1,1,1,1,1,1,1,1,1,1,1
Tim,Scott,R,SC,0.696,2023.0,X,641,128.0,27200.0,democrat like say climate change existential threat lowincome american grown poverty id argue radical energy policy real danger american deserve affordable reliable energy simple,risk,-1,-1,-1,-1,-1,-1,-1,-1,-1,-1,-1,-1
Tim,Scott,R,SC,0.696,2024.0,X,562,103.0,38200.0,biden administration considers climate change existential threat time terrorist entering roaming country freely without consequence,risk,-1,-1,1,-1,-1,-1,-1,1,-1,-1,-1,-1
Tim,Scott,R,SC,0.696,2023.0,X,330,71.0,26700.0,bidenomics push radical climate agenda expense hardworking american country need change,risk,-1,-1,-1,-1,-1,-1,-1,-1,-1,-1,-1,-1
Tim,Sheehy,R,MT,,2023.0,X,50,11.0,2890.0,latest example liberal activist judge trying legislate radical green new deal disastrous policy bench must fight back take strong stand climate cult jobkilling agenda,risk,-1,-1,-1,-1,-1,-1,-1,-1,-1,-1,-1,-1
Tina,Smith,D,MN,-0.396,2024.0,X,589,98.0,27200.0,climate change isnt coastal problem great lake risk arent hopeless clean energy transition coming minnesota going lead way,opportunity,1,1,1,1,1,1,1,1,1,1,1,1
Tina,Smith,D,MN,-0.396,2021.0,X,2400,531.0,,let clear build back better budget must meaningfully address climate change im open different approach support bill wont get need emission democratic senator every one needed get passed,opportunity,1,1,1,1,1,1,1,1,1,1,1,1
Tina,Smith,D,MN,-0.396,2023.0,X,78,23.0,12500.0,one republican colleague said climate change beneficial itll less cold part country complete bull,opportunity,1,-1,-1,-1,-1,-1,-1,-1,-1,-1,-1,-1
Todd,Young,R,IN,0.483,,https://www.young.senate.gov/newsroom/press-releases/young-and-braun-join-bipartisan-climate-legislation-to-support-global-trillion-trees-initiative/,,,,long held position protect environment without harming economy legislation one example type action take reduce emission protect natural resource creating new economic opportunity,opportunity,1,1,1,1,1,1,1,1,1,1,1,1
Tommy,Tuberville,R,AL,0.936,2024.0,X,47,10.0,1720.0,bidenharris admin prioritized climate change activist american people time time cutting burdensome government red tape supporting fossil fuel energy production keep price low capacity high,risk,-1,-1,-1,-1,-1,-1,-1,-1,-1,-1,-1,-1
Tommy,Tuberville,R,AL,0.936,2024.0,X,483,162.0,12900.0,clown blaming problem farmer facing climate change farmer struggling high input cost low commodity price regulation caused democrat look mirror,risk,-1,-1,-1,-1,-1,-1,-1,-1,-1,-1,-1,-1
Tommy,Tuberville,R,AL,0.936,2024.0,X,194,40.0,6422.0,senate democrat care climate change welfare helping farmer never get farm bill done mindset,risk,-1,1,1,-1,1,1,1,1,-1,1,1,1
Tommy,Cotton,R,AR,0.652,2023.0,X,621,143.0,34400.0,absolutely pathetic ccp know play climate change card fool gullible liberal,risk,-1,1,-1,1,1,1,1,-1,1,1,1,1
Tommy,Cotton,R,AR,0.652,2021.0,X,189,41.0,,solve climate change stop border crisis better idea secure border,risk,-1,-1,-1,-1,-1,-1,-1,-1,-1,-1,-1,-1
Tommy,Cotton,R,AR,0.652,2021.0,X,2800,976.0,,john kerry global warming existential threat mean hundred thousand american must lose job quite serious enough put away private jet fraud,risk,-1,-1,-1,-1,-1,-1,-1,-1,-1,-1,-1,-1
Ben,Lujan,D,NM,-0.367,2019.0,X,58,16.0,,address climate crisis must listen impacted today honored speak harlan quintana student santa fe indian school climate change impact community,opportunity,1,1,1,1,1,1,1,1,1,1,1,1
Ben,Lujan,D,NM,-0.367,2019.0,X,21,15.0,,climate change threatening security nation must take action im proud introduce legislation move netzero emission combat climate crisis,opportunity,1,1,1,1,1,1,1,1,1,1,1,1
Ben,Lujan,D,NM,-0.367,2022.0,X,137,36.0,,new mexican american know impact climate change deal everyday wont stop fighting pas meaningful climate action legislation,opportunity,1,-1,-1,-1,1,1,-1,-1,-1,1,1,-1
Cynthia,Lummis,R,WY,0.675,2023.0,X,38,3.0,2450.0,free vote foot fear free market sound money distrust american fueling case climate change merely excuse increase control consumer behavior via taxation,risk,-1,-1,-1,-1,-1,-1,-1,-1,-1,-1,-1,-1
Cynthia,Lummis,R,WY,0.675,2024.0,X,393,33.0,35500.0,climate extremist came doorstep wyoming slammed door clear green new deal energy policy arent welcome cowboy state,risk,-1,-1,-1,-1,-1,-1,-1,-1,-1,-1,-1,-1
Cynthia,Lummis,R,WY,0.675,2024.0,X,452,57.0,11800.0,friendly reminder bidenharris administration launched fullscale assault american energy costing member wyoming energy industry job forcing wyoming family pay pump name appealing radical climate change base,risk,-1,-1,-1,-1,-1,-1,-1,-1,-1,-1,-1,-1
Edward,Markey,D,MA,-0.503,2024.0,X,109,37.0,5411.0,cop like climate change wont solved one president climate action wont stopped one president keep fighting bold climate action global scale,opportunity,1,1,-1,1,1,1,1,-1,1,1,1,1
Edward,Markey,D,MA,-0.503,2024.0,X,26,5.0,2243.0,honor meet australia minister climate change energy effort innovate collaborate climate action wont stopwere working together across planet protect,opportunity,1,1,1,1,1,1,1,1,1,1,1,1
Edward,Markey,D,MA,-0.503,2024.0,X,17,3.0,3760.0,trump denies climate change cant deny inflation reduction act massive job creator money saver red blue state,opportunity,1,-1,-1,-1,-1,-1,-1,-1,-1,-1,-1,-1
